0,England,Barking-and-Dagenham,Autumn Half Term Holidays,22 Oct 2018(Mon),26 Oct 2018(Fri)
1,England,Barking-and-Dagenham,Winter Holidays,21 Dec 2018(Fri),2 Jan 2019(Wed)
2,England,Barking-and-Dagenham,Spring Half Term Holidays,18 Feb 2019(Mon),22 Feb 2019(Fri)
3,England,Barking-and-Dagenham,Spring Holidays,8 Apr 2019(Mon),22 Apr 2019(Mon)
4,England,Barking-and-Dagenham,Summer Half Term Holidays,27 May 2019(Mon),31 May 2019(Fri)
5,England,Barking-and-Dagenham,Summer Holidays,25 Jul 2019(Thu),2 Sep 2019(Mon)
0,England,Barnet,Autumn Half Term Holidays,22 Oct 2018(Mon),26 Oct 2018(Fri)
1,England,Barnet,Winter Holidays,24 Dec 2018(Mon),4 Jan 2019(Fri)
2,England,Barnet,Spring Half Term Holidays,18 Feb 2019(Mon),22 Feb 2019(Fri)
3,England,Barnet,Spring Holidays,8 Apr 2019(Mon),22 Apr 2019(Mon)
4,England,Barnet,Summer Half Term Holidays,27 May 2019(Mon),31 May 2019(Fri)
5,England,Barnet,Summer Holidays,24 Jul 2019(Wed),30 Aug 2019(Fri)
0,England,Barnsley,Autumn Half Term Holidays,29 Oct 2018(Mon),2 Nov 2018(Fri)
1,England,Barnsley,Winter Holidays,24 Dec 2018(Mon),4 Jan 2019(Fri)
2,England,Barnsley,Spring Half Term Holidays,18 Feb 2019(Mon),22 Feb 2019(Fri)
3,England,Barnsley,Spring Holidays,15 Apr 2019(Mon),26 Apr 2019(Fri)
4,England,Barnsley,Summer Half Term Holidays,27 May 2019(Mon),31 May 2019(Fri)
5,England,Barnsley,Summer Holidays,23 Jul 2019(Tue),30 Aug 2019(Fri)
0,England,Bath-and-North-East-Somerset,Autumn Half Term Holidays,29 Oct 2018(Mon),2 Nov 2018(Fri)
1,England,Bath-and-North-East-Somerset,Winter Holidays,24 Dec 2018(Mon),4 Jan 2019(Fri)
2,England,Bath-and-North-East-Somerset,Spring Half Term Holidays,18 Feb 2019(Mon),22 Feb 2019(Fri)
3,England,Bath-and-North-East-Somerset,Spring Holidays,8 Apr 2019(Mon),22 Apr 2019(Mon)
4,England,Bath-and-North-East-Somerset,Summer Half Term Holidays,27 May 2019(Mon),31 May 2019(Fri)
5,England,Bath-and-North-East-Somerset,Summer Holidays,24 Jul 2019(Wed),30 Aug 2019(Fri)
0,England,Bedford,Autumn Half Term Holidays,22 Oct 2018(Mon),29 Oct 2018(Mon)
1,England,Bedford,Winter Holidays,20 Dec 2018(Thu),2 Jan 2019(Wed)
2,England,Bedford,Spring Half Term Holidays,11 Feb 2019(Mon),15 Feb 2019(Fri)
3,England,Bedford,Spring Holidays,8 Apr 2019(Mon),23 Apr 2019(Tue)
4,England,Bedford,Summer Half Term Holidays,27 May 2019(Mon),31 May 2019(Fri)
5,England,Bedford,Summer Holidays,22 Jul 2019(Mon),3 Sep 2019(Tue)
0,England,Bexley,Autumn Half Term Holidays,22 Oct 2018(Mon),26 Oct 2018(Fri)
1,England,Bexley,Winter Holidays,24 Dec 2018(Mon),4 Jan 2019(Fri)
2,England,Bexley,Spring Half Term Holidays,18 Feb 2019(Mon),22 Feb 2019(Fri)
3,England,Bexley,Spring Holidays,8 Apr 2019(Mon),22 Apr 2019(Mon)
4,England,Bexley,Summer Half Term Holidays,27 May 2019(Mon),31 May 2019(Fri)
5,England,Bexley,Summer Holidays,24 Jul 2019(Wed),30 Aug 2019(Fri)
0,England,Birmingham,Autumn Half Term Holidays,29 Oct 2018(Mon),2 Nov 2018(Fri)
1,England,Birmingham,Winter Holidays,24 Dec 2018(Mon),4 Jan 2019(Fri)
2,England,Birmingham,Spring Half Term Holidays,18 Feb 2019(Mon),22 Feb 2019(Fri)
3,England,Birmingham,Spring Holidays,15 Apr 2019(Mon),26 Apr 2019(Fri)
4,England,Birmingham,Summer Half Term Holidays,27 May 2019(Mon),31 May 2019(Fri)
5,England,Birmingham,Summer Holidays,23 Jul 2019(Tue),30 Aug 2019(Fri)
0,England,Blackburn-with-Darwen,Autumn Half Term Holidays,22 Oct 2018(Mon),26 Oct 2018(Fri)
1,England,Blackburn-with-Darwen,Winter Holidays,24 Dec 2018(Mon),4 Jan 2019(Fri)
2,England,Blackburn-with-Darwen,Spring Half Term Holidays,18 Feb 2019(Mon),22 Feb 2019(Fri)
3,England,Blackburn-with-Darwen,Spring Holidays,8 Apr 2019(Mon),22 Apr 2019(Mon)
4,England,Blackburn-with-Darwen,Summer Half Term Holidays,27 May 2019(Mon),31 May 2019(Fri)
5,England,Blackburn-with-Darwen,Summer Holidays,24 Jul 2019(Wed),
0,England,Blackpool,Autumn Half Term Holidays,22 Oct 2018(Mon),26 Oct 2018(Fri)
1,England,Blackpool,Winter Holidays,24 Dec 2018(Mon),4 Jan 2019(Fri)
2,England,Blackpool,Spring Half Term Holidays,18 Feb 2019(Mon),22 Feb 2019(Fri)
3,England,Blackpool,Spring Holidays,8 Apr 2019(Mon),22 Apr 2019(Mon)
4,England,Blackpool,Summer Half Term Holidays,27 May 2019(Mon),31 May 2019(Fri)
5,England,Blackpool,Summer Holidays,22 Jul 2019(Mon),
0,England,Bolton,Autumn Half Term Holidays,22 Oct 2018(Mon),26 Oct 2018(Fri)
1,England,Bolton,Winter Holidays,24 Dec 2018(Mon),4 Jan 2019(Fri)
2,England,Bolton,Spring Half Term Holidays,18 Feb 2019(Mon),22 Feb 2019(Fri)
3,England,Bolton,Spring Holidays,8 Apr 2019(Mon),22 Apr 2019(Mon)
4,England,Bolton,Summer Half Term Holidays,27 May 2019(Mon),31 May 2019(Fri)
5,England,Bolton,Summer Holidays,22 Jul 2019(Mon),30 Aug 2019(Fri)
0,England,Bournemouth,Autumn Half Term Holidays,22 Oct 2018(Mon),26 Oct 2018(Fri)
1,England,Bournemouth,Winter Holidays,24 Dec 2018(Mon),4 Jan 2019(Fri)
2,England,Bournemouth,Spring Half Term Holidays,18 Feb 2019(Mon),22 Feb 2019(Fri)
3,England,Bournemouth,Spring Holidays,8 Apr 2019(Mon),22 Apr 2019(Mon)
4,England,Bournemouth,Summer Half Term Holidays,27 May 2019(Mon),31 May 2019(Fri)
5,England,Bournemouth,Summer Holidays,24 Jul 2019(Wed),30 Aug 2019(Fri)
0,England,Bracknell-Forest,Autumn Half Term Holidays,22 Oct 2018(Mon),26 Oct 2018(Fri)
1,England,Bracknell-Forest,Winter Holidays,24 Dec 2018(Mon),4 Jan 2019(Fri)
2,England,Bracknell-Forest,Spring Half Term Holidays,18 Feb 2019(Mon),22 Feb 2019(Fri)
3,England,Bracknell-Forest,Spring Holidays,8 Apr 2019(Mon),22 Apr 2019(Mon)
4,England,Bracknell-Forest,Summer Half Term Holidays,27 May 2019(Mon),31 May 2019(Fri)
5,England,Bracknell-Forest,Summer Holidays,24 Jul 2019(Wed),3 Sep 2019(Tue)
0,England,Bradford,Autumn Half Term Holidays,22 Oct 2018(Mon),24 Oct 2018(Wed)
1,England,Bradford,Winter Holidays,20 Dec 2018(Thu),1 Jan 2019(Tue)
2,England,Bradford,Spring Half Term Holidays,18 Feb 2019(Mon),20 Feb 2019(Wed)
3,England,Bradford,Spring Holidays,15 Apr 2019(Mon),26 Apr 2019(Fri)
4,England,Bradford,Summer Half Term Holidays,27 May 2019(Mon),31 May 2019(Fri)
5,England,Bradford,Summer Holidays,22 Jul 2019(Mon),
0,England,Brent,Autumn Half Term Holidays,22 Oct 2018(Mon),26 Oct 2018(Fri)
1,England,Brent,Winter Holidays,24 Dec 2018(Mon),4 Jan 2019(Fri)
2,England,Brent,Spring Half Term Holidays,18 Feb 2019(Mon),22 Feb 2019(Fri)
3,England,Brent,Spring Holidays,8 Apr 2019(Mon),22 Apr 2019(Mon)
4,England,Brent,Summer Half Term Holidays,27 May 2019(Mon),31 May 2019(Fri)
5,England,Brent,Summer Holidays,29 Jul 2019(Mon),30 Aug 2019(Fri)
0,England,Brighton-and-Hove,Autumn Half Term Holidays,22 Oct 2018(Mon),2 Nov 2018(Fri)
1,England,Brighton-and-Hove,Winter Holidays,20 Dec 2018(Thu),2 Jan 2019(Wed)
2,England,Brighton-and-Hove,Spring Half Term Holidays,18 Feb 2019(Mon),22 Feb 2019(Fri)
3,England,Brighton-and-Hove,Spring Holidays,10 Apr 2019(Wed),22 Apr 2019(Mon)
4,England,Brighton-and-Hove,Summer Half Term Holidays,27 May 2019(Mon),31 May 2019(Fri)
5,England,Brighton-and-Hove,Summer Holidays,29 Jul 2019(Mon),4 Sep 2019(Wed)
0,England,Bristol,Autumn Half Term Holidays,29 Oct 2018(Mon),2 Nov 2018(Fri)
1,England,Bristol,Winter Holidays,24 Dec 2018(Mon),4 Jan 2019(Fri)
2,England,Bristol,Spring Half Term Holidays,18 Feb 2019(Mon),22 Feb 2019(Fri)
3,England,Bristol,Spring Holidays,8 Apr 2019(Mon),22 Apr 2019(Mon)
4,England,Bristol,Summer Half Term Holidays,27 May 2019(Mon),31 May 2019(Fri)
5,England,Bristol,Summer Holidays,24 Jul 2019(Wed),30 Aug 2019(Fri)
0,England,Bromley,Autumn Half Term Holidays,22 Oct 2018(Mon),26 Oct 2018(Fri)
1,England,Bromley,Winter Holidays,24 Dec 2018(Mon),4 Jan 2019(Fri)
2,England,Bromley,Spring Half Term Holidays,18 Feb 2019(Mon),22 Feb 2019(Fri)
3,England,Bromley,Spring Holidays,8 Apr 2019(Mon),22 Apr 2019(Mon)
4,England,Bromley,Summer Half Term Holidays,27 May 2019(Mon),31 May 2019(Fri)
5,England,Bromley,Summer Holidays,24 Jul 2019(Wed),30 Aug 2019(Fri)
0,England,Buckinghamshire,Autumn Half Term Holidays,22 Oct 2018(Mon),26 Oct 2018(Fri)
1,England,Buckinghamshire,Winter Holidays,20 Dec 2018(Thu),2 Jan 2019(Wed)
2,England,Buckinghamshire,Spring Half Term Holidays,18 Feb 2019(Mon),22 Feb 2019(Fri)
3,England,Buckinghamshire,Spring Holidays,8 Apr 2019(Mon),23 Apr 2019(Tue)
4,England,Buckinghamshire,Summer Half Term Holidays,27 May 2019(Mon),31 May 2019(Fri)
5,England,Buckinghamshire,Summer Holidays,25 Jul 2019(Thu),3 Sep 2019(Tue)
0,England,Bury,Autumn Half Term Holidays,22 Oct 2018(Mon),26 Oct 2018(Fri)
1,England,Bury,Winter Holidays,24 Dec 2018(Mon),3 Jan 2019(Thu)
2,England,Bury,Spring Half Term Holidays,18 Feb 2019(Mon),22 Feb 2019(Fri)
3,England,Bury,Spring Holidays,1 Apr 2019(Mon),12 Apr 2019(Fri)
4,England,Bury,Easter Holidays,19 Apr 2019(Fri),22 Apr 2019(Mon)
5,England,Bury,Summer Half Term Holidays,27 May 2019(Mon),31 May 2019(Fri)
6,England,Bury,Summer Holidays,24 Jul 2019(Wed),30 Aug 2019(Fri)
0,England,Calderdale,Autumn Half Term Holidays,29 Oct 2018(Mon),2 Nov 2018(Fri)
1,England,Calderdale,Winter Holidays,24 Dec 2018(Mon),4 Jan 2019(Fri)
2,England,Calderdale,Spring Half Term Holidays,18 Feb 2019(Mon),22 Feb 2019(Fri)
3,England,Calderdale,Spring Holidays,15 Apr 2019(Mon),26 Apr 2019(Fri)
4,England,Calderdale,Summer Half Term Holidays,27 May 2019(Mon),31 May 2019(Fri)
5,England,Calderdale,Summer Holidays,23 Jul 2019(Tue),
0,England,Cambridgeshire,Autumn Half Term Holidays,22 Oct 2018(Mon),26 Oct 2018(Fri)
1,England,Cambridgeshire,Winter Holidays,20 Dec 2018(Thu),2 Jan 2019(Wed)
2,England,Cambridgeshire,Spring Half Term Holidays,18 Feb 2019(Mon),22 Feb 2019(Fri)
3,England,Cambridgeshire,Spring Holidays,8 Apr 2019(Mon),22 Apr 2019(Mon)
4,England,Cambridgeshire,Summer Half Term Holidays,27 May 2019(Mon),31 May 2019(Fri)
5,England,Cambridgeshire,Summer Holidays,25 Jul 2019(Thu),3 Sep 2019(Tue)
0,England,Camden,Autumn Half Term Holidays,22 Oct 2018(Mon),26 Oct 2018(Fri)
1,England,Camden,Winter Holidays,24 Dec 2018(Mon),4 Jan 2019(Fri)
2,England,Camden,Spring Half Term Holidays,18 Feb 2019(Mon),22 Feb 2019(Fri)
3,England,Camden,Spring Holidays,8 Apr 2019(Mon),22 Apr 2019(Mon)
4,England,Camden,Summer Half Term Holidays,27 May 2019(Mon),31 May 2019(Fri)
5,England,Camden,Summer Holidays,24 Jul 2019(Wed),30 Aug 2019(Fri)
0,England,Central-Bedfordshire,Autumn Half Term Holidays,22 Oct 2018(Mon),29 Oct 2018(Mon)
1,England,Central-Bedfordshire,Winter Holidays,20 Dec 2018(Thu),2 Jan 2019(Wed)
2,England,Central-Bedfordshire,Spring Half Term Holidays,11 Feb 2019(Mon),15 Feb 2019(Fri)
3,England,Central-Bedfordshire,Spring Holidays,8 Apr 2019(Mon),22 Apr 2019(Mon)
4,England,Central-Bedfordshire,Summer Half Term Holidays,27 May 2019(Mon),3 Jun 2019(Mon)
5,England,Central-Bedfordshire,Summer Holidays,22 Jul 2019(Mon),3 Sep 2019(Tue)
0,England,Cheshire-East,Autumn Half Term Holidays,29 Oct 2018(Mon),2 Nov 2018(Fri)
1,England,Cheshire-East,Winter Holidays,21 Dec 2018(Fri),4 Jan 2019(Fri)
2,England,Cheshire-East,Spring Half Term Holidays,18 Feb 2019(Mon),22 Feb 2019(Fri)
3,England,Cheshire-East,Spring Holidays,8 Apr 2019(Mon),22 Apr 2019(Mon)
4,England,Cheshire-East,Summer Half Term Holidays,27 May 2019(Mon),31 May 2019(Fri)
5,England,Cheshire-East,Summer Holidays,25 Jul 2019(Thu),30 Aug 2019(Fri)
0,England,Cheshire-West-and-Chester,Autumn Half Term Holidays,29 Oct 2018(Mon),2 Nov 2018(Fri)
1,England,Cheshire-West-and-Chester,Winter Holidays,24 Dec 2018(Mon),4 Jan 2019(Fri)
2,England,Cheshire-West-and-Chester,Spring Half Term Holidays,18 Feb 2019(Mon),22 Feb 2019(Fri)
3,England,Cheshire-West-and-Chester,Spring Holidays,1 Apr 2019(Mon),12 Apr 2019(Fri)
4,England,Cheshire-West-and-Chester,Easter Holidays,19 Apr 2019(Fri),22 Apr 2019(Mon)
5,England,Cheshire-West-and-Chester,Summer Half Term Holidays,27 May 2019(Mon),31 May 2019(Fri)
6,England,Cheshire-West-and-Chester,Summer Holidays,25 Jul 2019(Thu),30 Aug 2019(Fri)
0,England,Cornwall,Autumn Half Term Holidays,22 Oct 2018(Mon),26 Oct 2018(Fri)
1,England,Cornwall,Winter Holidays,21 Dec 2018(Fri),4 Jan 2019(Fri)
2,England,Cornwall,Spring Half Term Holidays,18 Feb 2019(Mon),22 Feb 2019(Fri)
3,England,Cornwall,Spring Holidays,8 Apr 2019(Mon),22 Apr 2019(Mon)
4,England,Cornwall,Summer Half Term Holidays,27 May 2019(Mon),31 May 2019(Fri)
5,England,Cornwall,Summer Holidays,26 Jul 2019(Fri),3 Sep 2019(Tue)
0,England,Coventry,Autumn Half Term Holidays,22 Oct 2018(Mon),26 Oct 2018(Fri)
1,England,Coventry,Winter Holidays,24 Dec 2018(Mon),4 Jan 2019(Fri)
2,England,Coventry,Spring Half Term Holidays,18 Feb 2019(Mon),22 Feb 2019(Fri)
3,England,Coventry,Spring Holidays,15 Apr 2019(Mon),26 Apr 2019(Fri)
4,England,Coventry,Summer Half Term Holidays,27 May 2019(Mon),31 May 2019(Fri)
5,England,Coventry,Summer Holidays,23 Jul 2019(Tue),30 Aug 2019(Fri)
0,England,Croydon,Autumn Half Term Holidays,22 Oct 2018(Mon),26 Oct 2018(Fri)
1,England,Croydon,Winter Holidays,24 Dec 2018(Mon),4 Jan 2019(Fri)
2,England,Croydon,Spring Half Term Holidays,18 Feb 2019(Mon),22 Feb 2019(Fri)
3,England,Croydon,Spring Holidays,8 Apr 2019(Mon),22 Apr 2019(Mon)
4,England,Croydon,Summer Half Term Holidays,27 May 2019(Mon),31 May 2019(Fri)
5,England,Croydon,Summer Holidays,24 Jul 2019(Wed),2 Sep 2019(Mon)
0,England,Cumbria,Autumn Half Term Holidays,22 Oct 2018(Mon),26 Oct 2018(Fri)
1,England,Cumbria,Winter Holidays,24 Dec 2018(Mon),7 Jan 2019(Mon)
2,England,Cumbria,Spring Half Term Holidays,18 Feb 2019(Mon),22 Feb 2019(Fri)
3,England,Cumbria,Spring Holidays,1 Apr 2019(Mon),12 Apr 2019(Fri)
4,England,Cumbria,Easter Holidays,19 Apr 2019(Fri),22 Apr 2019(Mon)
5,England,Cumbria,Summer Half Term Holidays,27 May 2019(Mon),31 May 2019(Fri)
6,England,Cumbria,Summer Holidays,22 Jul 2019(Mon),3 Sep 2019(Tue)
0,England,Darlington,Autumn Half Term Holidays,29 Oct 2018(Mon),2 Nov 2018(Fri)
1,England,Darlington,Winter Holidays,24 Dec 2018(Mon),4 Jan 2019(Fri)
2,England,Darlington,Spring Half Term Holidays,18 Feb 2019(Mon),22 Feb 2019(Fri)
3,England,Darlington,Spring Holidays,8 Apr 2019(Mon),22 Apr 2019(Mon)
4,England,Darlington,Summer Half Term Holidays,27 May 2019(Mon),31 May 2019(Fri)
5,England,Darlington,Summer Holidays,24 Jul 2019(Wed),30 Aug 2019(Fri)
0,England,Derby,Autumn Half Term Holidays,29 Oct 2018(Mon),2 Nov 2018(Fri)
1,England,Derby,Winter Holidays,24 Dec 2018(Mon),4 Jan 2019(Fri)
2,England,Derby,Spring Half Term Holidays,18 Feb 2019(Mon),22 Feb 2019(Fri)
3,England,Derby,Spring Holidays,15 Apr 2019(Mon),26 Apr 2019(Fri)
4,England,Derby,Summer Half Term Holidays,27 May 2019(Mon),31 May 2019(Fri)
5,England,Derby,Summer Holidays,26 Jul 2019(Fri),5 Sep 2019(Thu)
0,England,Derbyshire,Autumn Half Term Holidays,29 Oct 2018(Mon),2 Nov 2018(Fri)
1,England,Derbyshire,Winter Holidays,24 Dec 2018(Mon),4 Jan 2019(Fri)
2,England,Derbyshire,Spring Half Term Holidays,18 Feb 2019(Mon),22 Feb 2019(Fri)
3,England,Derbyshire,Spring Holidays,15 Apr 2019(Mon),26 Apr 2019(Fri)
4,England,Derbyshire,Summer Half Term Holidays,27 May 2019(Mon),31 May 2019(Fri)
5,England,Derbyshire,Summer Holidays,23 Jul 2019(Tue),2 Sep 2019(Mon)
0,England,Devon,Autumn Half Term Holidays,22 Oct 2018(Mon),26 Oct 2018(Fri)
1,England,Devon,Winter Holidays,24 Dec 2018(Mon),4 Jan 2019(Fri)
2,England,Devon,Spring Half Term Holidays,18 Feb 2019(Mon),22 Feb 2019(Fri)
3,England,Devon,Spring Holidays,8 Apr 2019(Mon),22 Apr 2019(Mon)
4,England,Devon,Summer Half Term Holidays,27 May 2019(Mon),31 May 2019(Fri)
5,England,Devon,Summer Holidays,26 Jul 2019(Fri),30 Aug 2019(Fri)
0,England,Doncaster,Autumn Half Term Holidays,29 Oct 2018(Mon),2 Nov 2018(Fri)
1,England,Doncaster,Winter Holidays,24 Dec 2018(Mon),4 Jan 2019(Fri)
2,England,Doncaster,Spring Half Term Holidays,18 Feb 2019(Mon),22 Feb 2019(Fri)
3,England,Doncaster,Spring Holidays,15 Apr 2019(Mon),26 Apr 2019(Fri)
4,England,Doncaster,Summer Half Term Holidays,27 May 2019(Mon),31 May 2019(Fri)
5,England,Doncaster,Summer Holidays,23 Jul 2019(Tue),30 Aug 2019(Fri)
0,England,Dorset,Autumn Half Term Holidays,22 Oct 2018(Mon),26 Oct 2018(Fri)
1,England,Dorset,Winter Holidays,24 Dec 2018(Mon),4 Jan 2019(Fri)
2,England,Dorset,Spring Half Term Holidays,18 Feb 2019(Mon),22 Feb 2019(Fri)
3,England,Dorset,Spring Holidays,8 Apr 2019(Mon),22 Apr 2019(Mon)
4,England,Dorset,Summer Half Term Holidays,27 May 2019(Mon),31 May 2019(Fri)
5,England,Dorset,Summer Holidays,24 Jul 2019(Wed),30 Aug 2019(Fri)
0,England,Dudley,Autumn Half Term Holidays,29 Oct 2018(Mon),2 Nov 2018(Fri)
1,England,Dudley,Winter Holidays,24 Dec 2018(Mon),4 Jan 2019(Fri)
2,England,Dudley,Spring Half Term Holidays,18 Feb 2019(Mon),22 Feb 2019(Fri)
3,England,Dudley,Spring Holidays,15 Apr 2019(Mon),26 Apr 2019(Fri)
4,England,Dudley,Summer Half Term Holidays,27 May 2019(Mon),31 May 2019(Fri)
5,England,Dudley,Summer Holidays,23 Jul 2019(Tue),
0,England,Durham,Autumn Half Term Holidays,22 Oct 2018(Mon),26 Oct 2018(Fri)
1,England,Durham,Winter Holidays,24 Dec 2018(Mon),4 Jan 2019(Fri)
2,England,Durham,Spring Half Term Holidays,18 Feb 2019(Mon),22 Feb 2019(Fri)
3,England,Durham,Spring Holidays,8 Apr 2019(Mon),22 Apr 2019(Mon)
4,England,Durham,Summer Half Term Holidays,27 May 2019(Mon),31 May 2019(Fri)
5,England,Durham,Summer Holidays,22 Jul 2019(Mon),2 Sep 2019(Mon)
0,England,Ealing,Autumn Half Term Holidays,22 Oct 2018(Mon),26 Oct 2018(Fri)
1,England,Ealing,Winter Holidays,24 Dec 2018(Mon),4 Jan 2019(Fri)
2,England,Ealing,Spring Half Term Holidays,18 Feb 2019(Mon),22 Feb 2019(Fri)
3,England,Ealing,Spring Holidays,8 Apr 2019(Mon),22 Apr 2019(Mon)
4,England,Ealing,Summer Half Term Holidays,27 May 2019(Mon),31 May 2019(Fri)
5,England,Ealing,Summer Holidays,29 Jul 2019(Mon),30 Aug 2019(Fri)
0,England,East-Riding-of-Yorkshire,Autumn Half Term Holidays,29 Oct 2018(Mon),2 Nov 2018(Fri)
1,England,East-Riding-of-Yorkshire,Winter Holidays,24 Dec 2018(Mon),4 Jan 2019(Fri)
2,England,East-Riding-of-Yorkshire,Spring Half Term Holidays,18 Feb 2019(Mon),22 Feb 2019(Fri)
3,England,East-Riding-of-Yorkshire,Spring Holidays,8 Apr 2019(Mon),22 Apr 2019(Mon)
4,England,East-Riding-of-Yorkshire,Summer Half Term Holidays,27 May 2019(Mon),31 May 2019(Fri)
5,England,East-Riding-of-Yorkshire,Summer Holidays,24 Jul 2019(Wed),30 Aug 2019(Fri)
0,England,East-Sussex,Autumn Half Term Holidays,22 Oct 2018(Mon),26 Oct 2018(Fri)
1,England,East-Sussex,Winter Holidays,20 Dec 2018(Thu),2 Jan 2019(Wed)
2,England,East-Sussex,Spring Half Term Holidays,18 Feb 2019(Mon),22 Feb 2019(Fri)
3,England,East-Sussex,Spring Holidays,8 Apr 2019(Mon),22 Apr 2019(Mon)
4,England,East-Sussex,Summer Half Term Holidays,27 May 2019(Mon),31 May 2019(Fri)
5,England,East-Sussex,Summer Holidays,24 Jul 2019(Wed),3 Sep 2019(Tue)
0,England,Enfield,Autumn Half Term Holidays,22 Oct 2018(Mon),26 Oct 2018(Fri)
1,England,Enfield,Winter Holidays,24 Dec 2018(Mon),4 Jan 2019(Fri)
2,England,Enfield,Spring Half Term Holidays,18 Feb 2019(Mon),22 Feb 2019(Fri)
3,England,Enfield,Spring Holidays,8 Apr 2019(Mon),22 Apr 2019(Mon)
4,England,Enfield,Summer Half Term Holidays,27 May 2019(Mon),31 May 2019(Fri)
5,England,Enfield,Summer Holidays,24 Jul 2019(Wed),30 Aug 2019(Fri)
0,England,Essex,Autumn Half Term Holidays,22 Oct 2018(Mon),26 Oct 2018(Fri)
1,England,Essex,Winter Holidays,20 Dec 2018(Thu),2 Jan 2019(Wed)
2,England,Essex,Spring Half Term Holidays,18 Feb 2019(Mon),22 Feb 2019(Fri)
3,England,Essex,Spring Holidays,8 Apr 2019(Mon),22 Apr 2019(Mon)
4,England,Essex,Summer Half Term Holidays,27 May 2019(Mon),31 May 2019(Fri)
5,England,Essex,Summer Holidays,25 Jul 2019(Thu),2 Sep 2019(Mon)
0,England,Gateshead,Autumn Half Term Holidays,22 Oct 2018(Mon),26 Oct 2018(Fri)
1,England,Gateshead,Winter Holidays,24 Dec 2018(Mon),4 Jan 2019(Fri)
2,England,Gateshead,Spring Half Term Holidays,18 Feb 2019(Mon),22 Feb 2019(Fri)
3,England,Gateshead,Spring Holidays,8 Apr 2019(Mon),22 Apr 2019(Mon)
4,England,Gateshead,Summer Half Term Holidays,27 May 2019(Mon),31 May 2019(Fri)
5,England,Gateshead,Summer Holidays,22 Jul 2019(Mon),30 Aug 2019(Fri)
0,England,Gloucestershire,Autumn Half Term Holidays,22 Oct 2018(Mon),26 Oct 2018(Fri)
1,England,Gloucestershire,Winter Holidays,24 Dec 2018(Mon),4 Jan 2019(Fri)
2,England,Gloucestershire,Spring Half Term Holidays,18 Feb 2019(Mon),22 Feb 2019(Fri)
3,England,Gloucestershire,Spring Holidays,8 Apr 2019(Mon),22 Apr 2019(Mon)
4,England,Gloucestershire,Summer Half Term Holidays,27 May 2019(Mon),31 May 2019(Fri)
5,England,Gloucestershire,Summer Holidays,24 Jul 2019(Wed),30 Aug 2019(Fri)
0,England,Greenwich,Autumn Half Term Holidays,22 Oct 2018(Mon),26 Oct 2018(Fri)
1,England,Greenwich,Winter Holidays,24 Dec 2018(Mon),4 Jan 2019(Fri)
2,England,Greenwich,Spring Half Term Holidays,18 Feb 2019(Mon),22 Feb 2019(Fri)
3,England,Greenwich,Spring Holidays,8 Apr 2019(Mon),22 Apr 2019(Mon)
4,England,Greenwich,Summer Half Term Holidays,27 May 2019(Mon),31 May 2019(Fri)
5,England,Greenwich,Summer Holidays,24 Jul 2019(Wed),30 Aug 2019(Fri)
0,England,Hackney,Autumn Half Term Holidays,22 Oct 2018(Mon),26 Oct 2018(Fri)
1,England,Hackney,Winter Holidays,24 Dec 2018(Mon),4 Jan 2019(Fri)
2,England,Hackney,Spring Half Term Holidays,18 Feb 2019(Mon),22 Feb 2019(Fri)
3,England,Hackney,Spring Holidays,8 Apr 2019(Mon),22 Apr 2019(Mon)
4,England,Hackney,Summer Half Term Holidays,27 May 2019(Mon),31 May 2019(Fri)
5,England,Hackney,Summer Holidays,24 Jul 2019(Wed),30 Aug 2019(Fri)
0,England,Halton,Autumn Half Term Holidays,22 Oct 2018(Mon),26 Oct 2018(Fri)
1,England,Halton,Winter Holidays,24 Dec 2018(Mon),4 Jan 2019(Fri)
2,England,Halton,Spring Half Term Holidays,11 Feb 2019(Mon),15 Feb 2019(Fri)
3,England,Halton,Spring Holidays,1 Apr 2019(Mon),12 Apr 2019(Fri)
4,England,Halton,Easter Holidays,19 Apr 2019(Fri),22 Apr 2019(Mon)
5,England,Halton,Summer Half Term Holidays,27 May 2019(Mon),31 May 2019(Fri)
6,England,Halton,Summer Holidays,25 Jul 2019(Thu),3 Sep 2019(Tue)
0,England,Hammersmith-and-Fulham,Autumn Half Term Holidays,22 Oct 2018(Mon),26 Oct 2018(Fri)
1,England,Hammersmith-and-Fulham,Winter Holidays,24 Dec 2018(Mon),4 Jan 2019(Fri)
2,England,Hammersmith-and-Fulham,Spring Half Term Holidays,18 Feb 2019(Mon),22 Feb 2019(Fri)
3,England,Hammersmith-and-Fulham,Spring Holidays,8 Apr 2019(Mon),22 Apr 2019(Mon)
4,England,Hammersmith-and-Fulham,Summer Half Term Holidays,27 May 2019(Mon),31 May 2019(Fri)
5,England,Hammersmith-and-Fulham,Summer Holidays,24 Jul 2019(Wed),30 Aug 2019(Fri)
0,England,Hampshire,Autumn Half Term Holidays,22 Oct 2018(Mon),26 Oct 2018(Fri)
1,England,Hampshire,Winter Holidays,24 Dec 2018(Mon),4 Jan 2019(Fri)
2,England,Hampshire,Spring Half Term Holidays,18 Feb 2019(Mon),22 Feb 2019(Fri)
3,England,Hampshire,Spring Holidays,8 Apr 2019(Mon),22 Apr 2019(Mon)
4,England,Hampshire,Summer Half Term Holidays,27 May 2019(Mon),31 May 2019(Fri)
5,England,Hampshire,Summer Holidays,24 Jul 2019(Wed),3 Sep 2019(Tue)
0,England,Haringey,Autumn Half Term Holidays,22 Oct 2018(Mon),26 Oct 2018(Fri)
1,England,Haringey,Winter Holidays,24 Dec 2018(Mon),4 Jan 2019(Fri)
2,England,Haringey,Spring Half Term Holidays,18 Feb 2019(Mon),22 Feb 2019(Fri)
3,England,Haringey,Spring Holidays,8 Apr 2019(Mon),22 Apr 2019(Mon)
4,England,Haringey,Summer Half Term Holidays,27 May 2019(Mon),31 May 2019(Fri)
5,England,Haringey,Summer Holidays,24 Jul 2019(Wed),30 Aug 2019(Fri)
0,England,Harrow,Autumn Half Term Holidays,22 Oct 2018(Mon),26 Oct 2018(Fri)
1,England,Harrow,Winter Holidays,24 Dec 2018(Mon),4 Jan 2019(Fri)
2,England,Harrow,Spring Half Term Holidays,18 Feb 2019(Mon),22 Feb 2019(Fri)
3,England,Harrow,Spring Holidays,8 Apr 2019(Mon),22 Apr 2019(Mon)
4,England,Harrow,Summer Half Term Holidays,27 May 2019(Mon),31 May 2019(Fri)
5,England,Harrow,Summer Holidays,24 Jul 2019(Wed),
0,England,Hartlepool,Autumn Half Term Holidays,29 Oct 2018(Mon),2 Nov 2018(Fri)
1,England,Hartlepool,Winter Holidays,24 Dec 2018(Mon),4 Jan 2019(Fri)
2,England,Hartlepool,Spring Half Term Holidays,18 Feb 2019(Mon),22 Feb 2019(Fri)
3,England,Hartlepool,Spring Holidays,8 Apr 2019(Mon),22 Apr 2019(Mon)
4,England,Hartlepool,Summer Half Term Holidays,27 May 2019(Mon),31 May 2019(Fri)
5,England,Hartlepool,Summer Holidays,24 Jul 2019(Wed),30 Aug 2019(Fri)
0,England,Havering,Autumn Half Term Holidays,22 Oct 2018(Mon),26 Oct 2018(Fri)
1,England,Havering,Winter Holidays,20 Dec 2018(Thu),4 Jan 2019(Fri)
2,England,Havering,Spring Half Term Holidays,18 Feb 2019(Mon),22 Feb 2019(Fri)
3,England,Havering,Spring Holidays,15 Apr 2019(Mon),26 Apr 2019(Fri)
4,England,Havering,Summer Half Term Holidays,27 May 2019(Mon),31 May 2019(Fri)
5,England,Havering,Summer Holidays,25 Jul 2019(Thu),3 Sep 2019(Tue)
0,England,Herefordshire,Autumn Half Term Holidays,29 Oct 2018(Mon),2 Nov 2018(Fri)
1,England,Herefordshire,Winter Holidays,24 Dec 2018(Mon),8 Jan 2019(Tue)
2,England,Herefordshire,Spring Half Term Holidays,18 Feb 2019(Mon),22 Feb 2019(Fri)
3,England,Herefordshire,Spring Holidays,15 Apr 2019(Mon),26 Apr 2019(Fri)
4,England,Herefordshire,Summer Half Term Holidays,27 May 2019(Mon),31 May 2019(Fri)
5,England,Herefordshire,Summer Holidays,19 Jul 2019(Fri),30 Aug 2019(Fri)
0,England,Hertfordshire,Autumn Half Term Holidays,29 Oct 2018(Mon),2 Nov 2018(Fri)
1,England,Hertfordshire,Winter Holidays,24 Dec 2018(Mon),4 Jan 2019(Fri)
2,England,Hertfordshire,Spring Half Term Holidays,18 Feb 2019(Mon),22 Feb 2019(Fri)
3,England,Hertfordshire,Spring Holidays,8 Apr 2019(Mon),22 Apr 2019(Mon)
4,England,Hertfordshire,Summer Half Term Holidays,27 May 2019(Mon),31 May 2019(Fri)
5,England,Hertfordshire,Summer Holidays,25 Jul 2019(Thu),30 Aug 2019(Fri)
0,England,Hillingdon,Autumn Half Term Holidays,22 Oct 2018(Mon),26 Oct 2018(Fri)
1,England,Hillingdon,Winter Holidays,24 Dec 2018(Mon),4 Jan 2019(Fri)
2,England,Hillingdon,Spring Half Term Holidays,18 Feb 2019(Mon),22 Feb 2019(Fri)
3,England,Hillingdon,Spring Holidays,8 Apr 2019(Mon),22 Apr 2019(Mon)
4,England,Hillingdon,Summer Half Term Holidays,27 May 2019(Mon),31 May 2019(Fri)
5,England,Hillingdon,Summer Holidays,24 Jul 2019(Wed),30 Aug 2019(Fri)
0,England,Hounslow,Autumn Half Term Holidays,22 Oct 2018(Mon),26 Oct 2018(Fri)
1,England,Hounslow,Winter Holidays,20 Dec 2018(Thu),2 Jan 2019(Wed)
2,England,Hounslow,Spring Half Term Holidays,18 Feb 2019(Mon),22 Feb 2019(Fri)
3,England,Hounslow,Spring Holidays,8 Apr 2019(Mon),22 Apr 2019(Mon)
4,England,Hounslow,Summer Half Term Holidays,27 May 2019(Mon),31 May 2019(Fri)
5,England,Hounslow,Summer Holidays,24 Jul 2019(Wed),30 Aug 2019(Fri)
0,England,Hull,Autumn Half Term Holidays,29 Oct 2018(Mon),2 Nov 2018(Fri)
1,England,Hull,Winter Holidays,24 Dec 2018(Mon),4 Jan 2019(Fri)
2,England,Hull,Spring Half Term Holidays,18 Feb 2019(Mon),22 Feb 2019(Fri)
3,England,Hull,Spring Holidays,8 Apr 2019(Mon),22 Apr 2019(Mon)
4,England,Hull,Summer Half Term Holidays,27 May 2019(Mon),31 May 2019(Fri)
5,England,Hull,Summer Holidays,24 Jul 2019(Wed),30 Aug 2019(Fri)
0,England,Isle-of-Wight,Autumn Half Term Holidays,22 Oct 2018(Mon),26 Oct 2018(Fri)
1,England,Isle-of-Wight,Winter Holidays,24 Dec 2018(Mon),4 Jan 2019(Fri)
2,England,Isle-of-Wight,Spring Half Term Holidays,18 Feb 2019(Mon),22 Feb 2019(Fri)
3,England,Isle-of-Wight,Spring Holidays,8 Apr 2019(Mon),22 Apr 2019(Mon)
4,England,Isle-of-Wight,Summer Half Term Holidays,27 May 2019(Mon),31 May 2019(Fri)
5,England,Isle-of-Wight,Summer Holidays,24 Jul 2019(Wed),30 Aug 2019(Fri)
0,England,Isles-of-Scilly,Autumn Half Term Holidays,22 Oct 2018(Mon),2 Nov 2018(Fri)
1,England,Isles-of-Scilly,Winter Holidays,24 Dec 2018(Mon),4 Jan 2019(Fri)
2,England,Isles-of-Scilly,Spring Half Term Holidays,18 Feb 2019(Mon),22 Feb 2019(Fri)
3,England,Isles-of-Scilly,Spring Holidays,8 Apr 2019(Mon),22 Apr 2019(Mon)
4,England,Isles-of-Scilly,Summer Half Term Holidays,27 May 2019(Mon),31 May 2019(Fri)
5,England,Isles-of-Scilly,Summer Holidays,31 Jul 2019(Wed),30 Aug 2019(Fri)
0,England,Islington,Autumn Half Term Holidays,22 Oct 2018(Mon),26 Oct 2018(Fri)
1,England,Islington,Winter Holidays,24 Dec 2018(Mon),4 Jan 2019(Fri)
2,England,Islington,Spring Half Term Holidays,18 Feb 2019(Mon),22 Feb 2019(Fri)
3,England,Islington,Spring Holidays,8 Apr 2019(Mon),22 Apr 2019(Mon)
4,England,Islington,Summer Half Term Holidays,27 May 2019(Mon),31 May 2019(Fri)
5,England,Islington,Summer Holidays,24 Jul 2019(Wed),30 Aug 2019(Fri)
0,England,Kensington-and-Chelsea,Autumn Half Term Holidays,22 Oct 2018(Mon),26 Oct 2018(Fri)
1,England,Kensington-and-Chelsea,Winter Holidays,24 Dec 2018(Mon),4 Jan 2019(Fri)
2,England,Kensington-and-Chelsea,Spring Half Term Holidays,18 Feb 2019(Mon),22 Feb 2019(Fri)
3,England,Kensington-and-Chelsea,Spring Holidays,8 Apr 2019(Mon),22 Apr 2019(Mon)
4,England,Kensington-and-Chelsea,Summer Half Term Holidays,27 May 2019(Mon),31 May 2019(Fri)
5,England,Kensington-and-Chelsea,Summer Holidays,24 Jul 2019(Wed),30 Aug 2019(Fri)
0,England,Kent,Autumn Half Term Holidays,22 Oct 2018(Mon),26 Oct 2018(Fri)
1,England,Kent,Winter Holidays,20 Dec 2018(Thu),2 Jan 2019(Wed)
2,England,Kent,Spring Half Term Holidays,18 Feb 2019(Mon),22 Feb 2019(Fri)
3,England,Kent,Spring Holidays,8 Apr 2019(Mon),22 Apr 2019(Mon)
4,England,Kent,Summer Half Term Holidays,27 May 2019(Mon),31 May 2019(Fri)
5,England,Kent,Summer Holidays,24 Jul 2019(Wed),30 Aug 2019(Fri)
0,England,Kingston-upon-Thames,Autumn Half Term Holidays,22 Oct 2018(Mon),26 Oct 2018(Fri)
1,England,Kingston-upon-Thames,Winter Holidays,24 Dec 2018(Mon),4 Jan 2019(Fri)
2,England,Kingston-upon-Thames,Spring Half Term Holidays,18 Feb 2019(Mon),22 Feb 2019(Fri)
3,England,Kingston-upon-Thames,Spring Holidays,8 Apr 2019(Mon),22 Apr 2019(Mon)
4,England,Kingston-upon-Thames,Summer Half Term Holidays,27 May 2019(Mon),31 May 2019(Fri)
5,England,Kingston-upon-Thames,Summer Holidays,24 Jul 2019(Wed),3 Sep 2019(Tue)
0,England,Kirklees,Autumn Half Term Holidays,29 Oct 2018(Mon),2 Nov 2018(Fri)
1,England,Kirklees,Winter Holidays,24 Dec 2018(Mon),4 Jan 2019(Fri)
2,England,Kirklees,Spring Half Term Holidays,18 Feb 2019(Mon),22 Feb 2019(Fri)
3,England,Kirklees,Spring Holidays,15 Apr 2019(Mon),26 Apr 2019(Fri)
4,England,Kirklees,Summer Half Term Holidays,27 May 2019(Mon),31 May 2019(Fri)
5,England,Kirklees,Summer Holidays,23 Jul 2019(Tue),30 Aug 2019(Fri)
0,England,Knowsley,Autumn Half Term Holidays,22 Oct 2018(Mon),26 Oct 2018(Fri)
1,England,Knowsley,Winter Holidays,21 Dec 2018(Fri),4 Jan 2019(Fri)
2,England,Knowsley,Spring Half Term Holidays,18 Feb 2019(Mon),22 Feb 2019(Fri)
3,England,Knowsley,Spring Holidays,8 Apr 2019(Mon),22 Apr 2019(Mon)
4,England,Knowsley,Summer Half Term Holidays,27 May 2019(Mon),31 May 2019(Fri)
5,England,Knowsley,Summer Holidays,25 Jul 2019(Thu),30 Aug 2019(Fri)
0,England,Lambeth,Autumn Half Term Holidays,22 Oct 2018(Mon),26 Oct 2018(Fri)
1,England,Lambeth,Winter Holidays,24 Dec 2018(Mon),4 Jan 2019(Fri)
2,England,Lambeth,Spring Half Term Holidays,18 Feb 2019(Mon),22 Feb 2019(Fri)
3,England,Lambeth,Spring Holidays,8 Apr 2019(Mon),22 Apr 2019(Mon)
4,England,Lambeth,Summer Half Term Holidays,27 May 2019(Mon),31 May 2019(Fri)
5,England,Lambeth,Summer Holidays,24 Jul 2019(Wed),30 Aug 2019(Fri)
0,England,Lancashire,Autumn Half Term Holidays,22 Oct 2018(Mon),26 Oct 2018(Fri)
1,England,Lancashire,Winter Holidays,24 Dec 2018(Mon),4 Jan 2019(Fri)
2,England,Lancashire,Spring Half Term Holidays,18 Feb 2019(Mon),22 Feb 2019(Fri)
3,England,Lancashire,Spring Holidays,8 Apr 2019(Mon),22 Apr 2019(Mon)
4,England,Lancashire,Summer Half Term Holidays,27 May 2019(Mon),31 May 2019(Fri)
5,England,Lancashire,Summer Holidays,24 Jul 2019(Wed),30 Aug 2019(Fri)
0,England,Leeds,Autumn Half Term Holidays,29 Oct 2018(Mon),2 Nov 2018(Fri)
1,England,Leeds,Winter Holidays,24 Dec 2018(Mon),4 Jan 2019(Fri)
2,England,Leeds,Spring Half Term Holidays,18 Feb 2019(Mon),22 Feb 2019(Fri)
3,England,Leeds,Spring Holidays,1 Apr 2019(Mon),12 Apr 2019(Fri)
4,England,Leeds,Easter Holidays,19 Apr 2019(Fri),22 Apr 2019(Mon)
5,England,Leeds,Summer Half Term Holidays,27 May 2019(Mon),31 May 2019(Fri)
6,England,Leeds,Summer Holidays,25 Jul 2019(Thu),30 Aug 2019(Fri)
0,England,Leicester,Autumn Half Term Holidays,22 Oct 2018(Mon),26 Oct 2018(Fri)
1,England,Leicester,Winter Holidays,24 Dec 2018(Mon),7 Jan 2019(Mon)
2,England,Leicester,Spring Half Term Holidays,18 Feb 2019(Mon),22 Feb 2019(Fri)
3,England,Leicester,Spring Holidays,15 Apr 2019(Mon),26 Apr 2019(Fri)
4,England,Leicester,Summer Half Term Holidays,27 May 2019(Mon),31 May 2019(Fri)
5,England,Leicester,Summer Holidays,15 Jul 2019(Mon),28 Aug 2019(Wed)
0,England,Leicestershire,Autumn Half Term Holidays,15 Oct 2018(Mon),19 Oct 2018(Fri)
1,England,Leicestershire,Winter Holidays,24 Dec 2018(Mon),4 Jan 2019(Fri)
2,England,Leicestershire,Spring Half Term Holidays,18 Feb 2019(Mon),22 Feb 2019(Fri)
3,England,Leicestershire,Spring Holidays,15 Apr 2019(Mon),26 Apr 2019(Fri)
4,England,Leicestershire,Summer Half Term Holidays,27 May 2019(Mon),31 May 2019(Fri)
5,England,Leicestershire,Summer Holidays,15 Jul 2019(Mon),28 Aug 2019(Wed)
0,England,Lewisham,Autumn Half Term Holidays,22 Oct 2018(Mon),26 Oct 2018(Fri)
1,England,Lewisham,Winter Holidays,24 Dec 2018(Mon),4 Jan 2019(Fri)
2,England,Lewisham,Spring Half Term Holidays,18 Feb 2019(Mon),22 Feb 2019(Fri)
3,England,Lewisham,Spring Holidays,8 Apr 2019(Mon),22 Apr 2019(Mon)
4,England,Lewisham,Summer Half Term Holidays,27 May 2019(Mon),31 May 2019(Fri)
5,England,Lewisham,Summer Holidays,24 Jul 2019(Wed),30 Aug 2019(Fri)
0,England,Lincolnshire,Autumn Half Term Holidays,22 Oct 2018(Mon),29 Oct 2018(Mon)
1,England,Lincolnshire,Winter Holidays,21 Dec 2018(Fri),4 Jan 2019(Fri)
2,England,Lincolnshire,Spring Half Term Holidays,18 Feb 2019(Mon),22 Feb 2019(Fri)
3,England,Lincolnshire,Spring Holidays,8 Apr 2019(Mon),22 Apr 2019(Mon)
4,England,Lincolnshire,Summer Half Term Holidays,27 May 2019(Mon),31 May 2019(Fri)
5,England,Lincolnshire,Summer Holidays,22 Jul 2019(Mon),3 Sep 2019(Tue)
0,England,Liverpool,Autumn Half Term Holidays,22 Oct 2018(Mon),26 Oct 2018(Fri)
1,England,Liverpool,Winter Holidays,21 Dec 2018(Fri),4 Jan 2019(Fri)
2,England,Liverpool,Spring Half Term Holidays,18 Feb 2019(Mon),22 Feb 2019(Fri)
3,England,Liverpool,Spring Holidays,8 Apr 2019(Mon),22 Apr 2019(Mon)
4,England,Liverpool,Summer Half Term Holidays,27 May 2019(Mon),31 May 2019(Fri)
5,England,Liverpool,Summer Holidays,25 Jul 2019(Thu),30 Aug 2019(Fri)
0,England,Luton,Autumn Half Term Holidays,22 Oct 2018(Mon),26 Oct 2018(Fri)
1,England,Luton,Winter Holidays,24 Dec 2018(Mon),4 Jan 2019(Fri)
2,England,Luton,Spring Half Term Holidays,18 Feb 2019(Mon),22 Feb 2019(Fri)
3,England,Luton,Spring Holidays,8 Apr 2019(Mon),22 Apr 2019(Mon)
4,England,Luton,Summer Half Term Holidays,27 May 2019(Mon),31 May 2019(Fri)
5,England,Luton,Summer Holidays,24 Jul 2019(Wed),30 Aug 2019(Fri)
0,England,Manchester,Autumn Half Term Holidays,22 Oct 2018(Mon),26 Oct 2018(Fri)
1,England,Manchester,Winter Holidays,20 Dec 2018(Thu),2 Jan 2019(Wed)
2,England,Manchester,Spring Half Term Holidays,18 Feb 2019(Mon),22 Feb 2019(Fri)
3,England,Manchester,Spring Holidays,8 Apr 2019(Mon),22 Apr 2019(Mon)
4,England,Manchester,Summer Half Term Holidays,27 May 2019(Mon),31 May 2019(Fri)
5,England,Manchester,Summer Holidays,24 Jul 2019(Wed),30 Aug 2019(Fri)
0,England,Medway,Autumn Half Term Holidays,22 Oct 2018(Mon),26 Oct 2018(Fri)
1,England,Medway,Winter Holidays,20 Dec 2018(Thu),2 Jan 2019(Wed)
2,England,Medway,Spring Half Term Holidays,18 Feb 2019(Mon),22 Feb 2019(Fri)
3,England,Medway,Spring Holidays,8 Apr 2019(Mon),22 Apr 2019(Mon)
4,England,Medway,Summer Half Term Holidays,27 May 2019(Mon),31 May 2019(Fri)
5,England,Medway,Summer Holidays,24 Jul 2019(Wed),30 Aug 2019(Fri)
0,England,Merton,Autumn Half Term Holidays,22 Oct 2018(Mon),26 Oct 2018(Fri)
1,England,Merton,Winter Holidays,24 Dec 2018(Mon),4 Jan 2019(Fri)
2,England,Merton,Spring Half Term Holidays,18 Feb 2019(Mon),22 Feb 2019(Fri)
3,England,Merton,Spring Holidays,8 Apr 2019(Mon),22 Apr 2019(Mon)
4,England,Merton,Summer Half Term Holidays,27 May 2019(Mon),31 May 2019(Fri)
5,England,Merton,Summer Holidays,24 Jul 2019(Wed),30 Aug 2019(Fri)
0,England,Middlesbrough,Autumn Half Term Holidays,29 Oct 2018(Mon),2 Nov 2018(Fri)
1,England,Middlesbrough,Winter Holidays,24 Dec 2018(Mon),4 Jan 2019(Fri)
2,England,Middlesbrough,Spring Half Term Holidays,18 Feb 2019(Mon),22 Feb 2019(Fri)
3,England,Middlesbrough,Spring Holidays,8 Apr 2019(Mon),22 Apr 2019(Mon)
4,England,Middlesbrough,Summer Half Term Holidays,27 May 2019(Mon),31 May 2019(Fri)
5,England,Middlesbrough,Summer Holidays,24 Jul 2019(Wed),30 Aug 2019(Fri)
0,England,Milton-Keynes,Autumn Half Term Holidays,26 Oct 2018(Fri),2 Nov 2018(Fri)
1,England,Milton-Keynes,Winter Holidays,24 Dec 2018(Mon),4 Jan 2019(Fri)
2,England,Milton-Keynes,Spring Half Term Holidays,18 Feb 2019(Mon),25 Feb 2019(Mon)
3,England,Milton-Keynes,Spring Holidays,8 Apr 2019(Mon),22 Apr 2019(Mon)
4,England,Milton-Keynes,Summer Half Term Holidays,27 May 2019(Mon),31 May 2019(Fri)
5,England,Milton-Keynes,Summer Holidays,22 Jul 2019(Mon),30 Aug 2019(Fri)
0,England,Newcastle-upon-Tyne,Autumn Half Term Holidays,29 Oct 2018(Mon),2 Nov 2018(Fri)
1,England,Newcastle-upon-Tyne,Winter Holidays,24 Dec 2018(Mon),4 Jan 2019(Fri)
2,England,Newcastle-upon-Tyne,Spring Half Term Holidays,18 Feb 2019(Mon),22 Feb 2019(Fri)
3,England,Newcastle-upon-Tyne,Spring Holidays,8 Apr 2019(Mon),22 Apr 2019(Mon)
4,England,Newcastle-upon-Tyne,Summer Half Term Holidays,27 May 2019(Mon),31 May 2019(Fri)
5,England,Newcastle-upon-Tyne,Summer Holidays,22 Jul 2019(Mon),30 Aug 2019(Fri)
0,England,Newham,Autumn Half Term Holidays,22 Oct 2018(Mon),26 Oct 2018(Fri)
1,England,Newham,Winter Holidays,24 Dec 2018(Mon),4 Jan 2019(Fri)
2,England,Newham,Spring Half Term Holidays,18 Feb 2019(Mon),22 Feb 2019(Fri)
3,England,Newham,Spring Holidays,8 Apr 2019(Mon),22 Apr 2019(Mon)
4,England,Newham,Summer Half Term Holidays,27 May 2019(Mon),31 May 2019(Fri)
5,England,Newham,Summer Holidays,29 Jul 2019(Mon),30 Aug 2019(Fri)
0,England,Norfolk,Autumn Half Term Holidays,18 Oct 2018(Thu),26 Oct 2018(Fri)
1,England,Norfolk,Winter Holidays,19 Dec 2018(Wed),2 Jan 2019(Wed)
2,England,Norfolk,Spring Half Term Holidays,18 Feb 2019(Mon),22 Feb 2019(Fri)
3,England,Norfolk,Spring Holidays,8 Apr 2019(Mon),22 Apr 2019(Mon)
4,England,Norfolk,Summer Half Term Holidays,27 May 2019(Mon),31 May 2019(Fri)
5,England,Norfolk,Summer Holidays,25 Jul 2019(Thu),3 Sep 2019(Tue)
0,England,Northamptonshire,Autumn Half Term Holidays,22 Oct 2018(Mon),26 Oct 2018(Fri)
1,England,Northamptonshire,Winter Holidays,20 Dec 2018(Thu),2 Jan 2019(Wed)
2,England,Northamptonshire,Spring Half Term Holidays,18 Feb 2019(Mon),22 Feb 2019(Fri)
3,England,Northamptonshire,Spring Holidays,8 Apr 2019(Mon),22 Apr 2019(Mon)
4,England,Northamptonshire,Summer Half Term Holidays,27 May 2019(Mon),31 May 2019(Fri)
5,England,Northamptonshire,Summer Holidays,25 Jul 2019(Thu),3 Sep 2019(Tue)
0,England,North-East-Lincolnshire,Autumn Half Term Holidays,22 Oct 2018(Mon),26 Oct 2018(Fri)
1,England,North-East-Lincolnshire,Winter Holidays,24 Dec 2018(Mon),7 Jan 2019(Mon)
2,England,North-East-Lincolnshire,Spring Half Term Holidays,18 Feb 2019(Mon),22 Feb 2019(Fri)
3,England,North-East-Lincolnshire,Spring Holidays,8 Apr 2019(Mon),23 Apr 2019(Tue)
4,England,North-East-Lincolnshire,Summer Half Term Holidays,27 May 2019(Mon),31 May 2019(Fri)
5,England,North-East-Lincolnshire,Summer Holidays,24 Jul 2019(Wed),3 Sep 2019(Tue)
0,England,North-Lincolnshire,Autumn Half Term Holidays,22 Oct 2018(Mon),29 Oct 2018(Mon)
1,England,North-Lincolnshire,Winter Holidays,21 Dec 2018(Fri),4 Jan 2019(Fri)
2,England,North-Lincolnshire,Spring Half Term Holidays,18 Feb 2019(Mon),22 Feb 2019(Fri)
3,England,North-Lincolnshire,Spring Holidays,8 Apr 2019(Mon),22 Apr 2019(Mon)
4,England,North-Lincolnshire,Summer Half Term Holidays,27 May 2019(Mon),31 May 2019(Fri)
5,England,North-Lincolnshire,Summer Holidays,22 Jul 2019(Mon),2 Sep 2019(Mon)
0,England,North-Somerset,Autumn Half Term Holidays,29 Oct 2018(Mon),2 Nov 2018(Fri)
1,England,North-Somerset,Winter Holidays,24 Dec 2018(Mon),4 Jan 2019(Fri)
2,England,North-Somerset,Spring Half Term Holidays,18 Feb 2019(Mon),22 Feb 2019(Fri)
3,England,North-Somerset,Spring Holidays,8 Apr 2019(Mon),22 Apr 2019(Mon)
4,England,North-Somerset,Summer Half Term Holidays,27 May 2019(Mon),31 May 2019(Fri)
5,England,North-Somerset,Summer Holidays,24 Jul 2019(Wed),30 Aug 2019(Fri)
0,England,North-Tyneside,Autumn Half Term Holidays,29 Oct 2018(Mon),2 Nov 2018(Fri)
1,England,North-Tyneside,Winter Holidays,24 Dec 2018(Mon),4 Jan 2019(Fri)
2,England,North-Tyneside,Spring Half Term Holidays,18 Feb 2019(Mon),22 Feb 2019(Fri)
3,England,North-Tyneside,Spring Holidays,8 Apr 2019(Mon),22 Apr 2019(Mon)
4,England,North-Tyneside,Summer Half Term Holidays,27 May 2019(Mon),31 May 2019(Fri)
5,England,North-Tyneside,Summer Holidays,22 Jul 2019(Mon),30 Aug 2019(Fri)
0,England,Northumberland,Autumn Half Term Holidays,29 Oct 2018(Mon),2 Nov 2018(Fri)
1,England,Northumberland,Winter Holidays,24 Dec 2018(Mon),4 Jan 2019(Fri)
2,England,Northumberland,Spring Half Term Holidays,18 Feb 2019(Mon),22 Feb 2019(Fri)
3,England,Northumberland,Spring Holidays,8 Apr 2019(Mon),22 Apr 2019(Mon)
4,England,Northumberland,Summer Half Term Holidays,27 May 2019(Mon),31 May 2019(Fri)
5,England,Northumberland,Summer Holidays,22 Jul 2019(Mon),30 Aug 2019(Fri)
0,England,North-Yorkshire,Autumn Half Term Holidays,29 Oct 2018(Mon),2 Nov 2018(Fri)
1,England,North-Yorkshire,Winter Holidays,24 Dec 2018(Mon),7 Jan 2019(Mon)
2,England,North-Yorkshire,Spring Half Term Holidays,25 Feb 2019(Mon),1 Mar 2019(Fri)
3,England,North-Yorkshire,Spring Holidays,15 Apr 2019(Mon),29 Apr 2019(Mon)
4,England,North-Yorkshire,Summer Half Term Holidays,27 May 2019(Mon),31 May 2019(Fri)
5,England,North-Yorkshire,Summer Holidays,23 Jul 2019(Tue),2 Sep 2019(Mon)
0,England,Nottingham,Autumn Half Term Holidays,22 Oct 2018(Mon),2 Nov 2018(Fri)
1,England,Nottingham,Winter Holidays,24 Dec 2018(Mon),4 Jan 2019(Fri)
2,England,Nottingham,Spring Half Term Holidays,18 Feb 2019(Mon),22 Feb 2019(Fri)
3,England,Nottingham,Spring Holidays,8 Apr 2019(Mon),22 Apr 2019(Mon)
4,England,Nottingham,Summer Half Term Holidays,27 May 2019(Mon),31 May 2019(Fri)
5,England,Nottingham,Summer Holidays,29 Jul 2019(Mon),30 Aug 2019(Fri)
0,England,Nottinghamshire,Autumn Half Term Holidays,29 Oct 2018(Mon),2 Nov 2018(Fri)
1,England,Nottinghamshire,Winter Holidays,24 Dec 2018(Mon),4 Jan 2019(Fri)
2,England,Nottinghamshire,Spring Half Term Holidays,18 Feb 2019(Mon),22 Feb 2019(Fri)
3,England,Nottinghamshire,Spring Holidays,8 Apr 2019(Mon),22 Apr 2019(Mon)
4,England,Nottinghamshire,Summer Half Term Holidays,27 May 2019(Mon),31 May 2019(Fri)
5,England,Nottinghamshire,Summer Holidays,25 Jul 2019(Thu),29 Aug 2019(Thu)
0,England,Oldham,Autumn Half Term Holidays,29 Oct 2018(Mon),2 Nov 2018(Fri)
1,England,Oldham,Winter Holidays,21 Dec 2018(Fri),4 Jan 2019(Fri)
2,England,Oldham,Spring Half Term Holidays,18 Feb 2019(Mon),22 Feb 2019(Fri)
3,England,Oldham,Spring Holidays,8 Apr 2019(Mon),22 Apr 2019(Mon)
4,England,Oldham,Summer Half Term Holidays,27 May 2019(Mon),31 May 2019(Fri)
5,England,Oldham,Summer Holidays,19 Jul 2019(Fri),3 Sep 2019(Tue)
0,England,Oxfordshire,Autumn Half Term Holidays,22 Oct 2018(Mon),26 Oct 2018(Fri)
1,England,Oxfordshire,Winter Holidays,24 Dec 2018(Mon),4 Jan 2019(Fri)
2,England,Oxfordshire,Spring Half Term Holidays,18 Feb 2019(Mon),22 Feb 2019(Fri)
3,England,Oxfordshire,Spring Holidays,8 Apr 2019(Mon),22 Apr 2019(Mon)
4,England,Oxfordshire,Summer Half Term Holidays,27 May 2019(Mon),31 May 2019(Fri)
5,England,Oxfordshire,Summer Holidays,25 Jul 2019(Thu),2 Sep 2019(Mon)
0,England,Peterborough,Autumn Half Term Holidays,22 Oct 2018(Mon),26 Oct 2018(Fri)
1,England,Peterborough,Winter Holidays,20 Dec 2018(Thu),1 Jan 2019(Tue)
2,England,Peterborough,Spring Half Term Holidays,18 Feb 2019(Mon),22 Feb 2019(Fri)
3,England,Peterborough,Spring Holidays,8 Apr 2019(Mon),22 Apr 2019(Mon)
4,England,Peterborough,Summer Half Term Holidays,27 May 2019(Mon),31 May 2019(Fri)
5,England,Peterborough,Summer Holidays,25 Jul 2019(Thu),3 Sep 2019(Tue)
0,England,Plymouth,Autumn Half Term Holidays,22 Oct 2018(Mon),26 Oct 2018(Fri)
1,England,Plymouth,Winter Holidays,24 Dec 2018(Mon),4 Jan 2019(Fri)
2,England,Plymouth,Spring Half Term Holidays,18 Feb 2019(Mon),19 Feb 2019(Tue)
3,England,Plymouth,Spring Holidays,8 Apr 2019(Mon),22 Apr 2019(Mon)
4,England,Plymouth,Summer Half Term Holidays,27 May 2019(Mon),31 May 2019(Fri)
5,England,Plymouth,Summer Holidays,26 Jul 2019(Fri),30 Aug 2019(Fri)
0,England,Poole,Autumn Half Term Holidays,22 Oct 2018(Mon),26 Oct 2018(Fri)
1,England,Poole,Winter Holidays,24 Dec 2018(Mon),4 Jan 2019(Fri)
2,England,Poole,Spring Half Term Holidays,18 Feb 2019(Mon),22 Feb 2019(Fri)
3,England,Poole,Spring Holidays,8 Apr 2019(Mon),22 Apr 2019(Mon)
4,England,Poole,Summer Half Term Holidays,27 May 2019(Mon),31 May 2019(Fri)
5,England,Poole,Summer Holidays,24 Jul 2019(Wed),30 Aug 2019(Fri)
0,England,Portsmouth,Autumn Half Term Holidays,22 Oct 2018(Mon),26 Oct 2018(Fri)
1,England,Portsmouth,Winter Holidays,24 Dec 2018(Mon),4 Jan 2019(Fri)
2,England,Portsmouth,Spring Half Term Holidays,18 Feb 2019(Mon),22 Feb 2019(Fri)
3,England,Portsmouth,Spring Holidays,8 Apr 2019(Mon),22 Apr 2019(Mon)
4,England,Portsmouth,Summer Half Term Holidays,27 May 2019(Mon),31 May 2019(Fri)
5,England,Portsmouth,Summer Holidays,24 Jul 2019(Wed),3 Sep 2019(Tue)
0,England,Reading,Autumn Half Term Holidays,22 Oct 2018(Mon),26 Oct 2018(Fri)
1,England,Reading,Winter Holidays,24 Dec 2018(Mon),4 Jan 2019(Fri)
2,England,Reading,Spring Half Term Holidays,18 Feb 2019(Mon),22 Feb 2019(Fri)
3,England,Reading,Spring Holidays,8 Apr 2019(Mon),22 Apr 2019(Mon)
4,England,Reading,Summer Half Term Holidays,27 May 2019(Mon),31 May 2019(Fri)
5,England,Reading,Summer Holidays,25 Jul 2019(Thu),3 Sep 2019(Tue)
0,England,Redbridge,Autumn Half Term Holidays,22 Oct 2018(Mon),26 Oct 2018(Fri)
1,England,Redbridge,Winter Holidays,24 Dec 2018(Mon),4 Jan 2019(Fri)
2,England,Redbridge,Spring Half Term Holidays,18 Feb 2019(Mon),22 Feb 2019(Fri)
3,England,Redbridge,Spring Holidays,8 Apr 2019(Mon),22 Apr 2019(Mon)
4,England,Redbridge,Summer Half Term Holidays,27 May 2019(Mon),31 May 2019(Fri)
5,England,Redbridge,Summer Holidays,24 Jul 2019(Wed),2 Sep 2019(Mon)
0,England,Redcar-and-Cleveland,Autumn Half Term Holidays,29 Oct 2018(Mon),2 Nov 2018(Fri)
1,England,Redcar-and-Cleveland,Winter Holidays,24 Dec 2018(Mon),4 Jan 2019(Fri)
2,England,Redcar-and-Cleveland,Spring Half Term Holidays,18 Feb 2019(Mon),22 Feb 2019(Fri)
3,England,Redcar-and-Cleveland,Spring Holidays,8 Apr 2019(Mon),22 Apr 2019(Mon)
4,England,Redcar-and-Cleveland,Summer Half Term Holidays,27 May 2019(Mon),31 May 2019(Fri)
5,England,Redcar-and-Cleveland,Summer Holidays,24 Jul 2019(Wed),30 Aug 2019(Fri)
0,England,Richmond-upon-Thames,Autumn Half Term Holidays,22 Oct 2018(Mon),26 Oct 2018(Fri)
1,England,Richmond-upon-Thames,Winter Holidays,24 Dec 2018(Mon),4 Jan 2019(Fri)
2,England,Richmond-upon-Thames,Spring Half Term Holidays,18 Feb 2019(Mon),22 Feb 2019(Fri)
3,England,Richmond-upon-Thames,Spring Holidays,8 Apr 2019(Mon),22 Apr 2019(Mon)
4,England,Richmond-upon-Thames,Summer Half Term Holidays,27 May 2019(Mon),31 May 2019(Fri)
5,England,Richmond-upon-Thames,Summer Holidays,24 Jul 2019(Wed),3 Sep 2019(Tue)
0,England,Rochdale,Autumn Half Term Holidays,22 Oct 2018(Mon),26 Oct 2018(Fri)
1,England,Rochdale,Winter Holidays,20 Dec 2018(Thu),2 Jan 2019(Wed)
2,England,Rochdale,Spring Half Term Holidays,18 Feb 2019(Mon),22 Feb 2019(Fri)
3,England,Rochdale,Spring Holidays,8 Apr 2019(Mon),22 Apr 2019(Mon)
4,England,Rochdale,Summer Half Term Holidays,27 May 2019(Mon),31 May 2019(Fri)
5,England,Rochdale,Summer Holidays,22 Jul 2019(Mon),30 Aug 2019(Fri)
0,England,Rotherham,Autumn Half Term Holidays,29 Oct 2018(Mon),2 Nov 2018(Fri)
1,England,Rotherham,Winter Holidays,24 Dec 2018(Mon),4 Jan 2019(Fri)
2,England,Rotherham,Spring Half Term Holidays,18 Feb 2019(Mon),22 Feb 2019(Fri)
3,England,Rotherham,Spring Holidays,15 Apr 2019(Mon),26 Apr 2019(Fri)
4,England,Rotherham,Summer Half Term Holidays,27 May 2019(Mon),31 May 2019(Fri)
5,England,Rotherham,Summer Holidays,23 Jul 2019(Tue),30 Aug 2019(Fri)
0,England,Rutland,Autumn Half Term Holidays,15 Oct 2018(Mon),26 Oct 2018(Fri)
1,England,Rutland,Winter Holidays,21 Dec 2018(Fri),4 Jan 2019(Fri)
2,England,Rutland,Spring Half Term Holidays,18 Feb 2019(Mon),22 Feb 2019(Fri)
3,England,Rutland,Spring Holidays,15 Apr 2019(Mon),26 Apr 2019(Fri)
4,England,Rutland,Summer Half Term Holidays,27 May 2019(Mon),31 May 2019(Fri)
5,England,Rutland,Summer Holidays,22 Jul 2019(Mon),2 Sep 2019(Mon)
0,England,Salford,Autumn Half Term Holidays,22 Oct 2018(Mon),26 Oct 2018(Fri)
1,England,Salford,Winter Holidays,24 Dec 2018(Mon),4 Jan 2019(Fri)
2,England,Salford,Spring Half Term Holidays,18 Feb 2019(Mon),22 Feb 2019(Fri)
3,England,Salford,Spring Holidays,1 Apr 2019(Mon),12 Apr 2019(Fri)
4,England,Salford,Easter Holidays,19 Apr 2019(Fri),22 Apr 2019(Mon)
5,England,Salford,Summer Half Term Holidays,27 May 2019(Mon),31 May 2019(Fri)
6,England,Salford,Summer Holidays,25 Jul 2019(Thu),30 Aug 2019(Fri)
0,England,Sandwell,Autumn Half Term Holidays,29 Oct 2018(Mon),2 Nov 2018(Fri)
1,England,Sandwell,Winter Holidays,24 Dec 2018(Mon),4 Jan 2019(Fri)
2,England,Sandwell,Spring Half Term Holidays,18 Feb 2019(Mon),22 Feb 2019(Fri)
3,England,Sandwell,Spring Holidays,15 Apr 2019(Mon),26 Apr 2019(Fri)
4,England,Sandwell,Summer Half Term Holidays,27 May 2019(Mon),31 May 2019(Fri)
5,England,Sandwell,Summer Holidays,23 Jul 2019(Tue),30 Aug 2019(Fri)
0,England,Sefton,Autumn Half Term Holidays,22 Oct 2018(Mon),26 Oct 2018(Fri)
1,England,Sefton,Winter Holidays,24 Dec 2018(Mon),4 Jan 2019(Fri)
2,England,Sefton,Spring Half Term Holidays,18 Feb 2019(Mon),22 Feb 2019(Fri)
3,England,Sefton,Spring Holidays,8 Apr 2019(Mon),22 Apr 2019(Mon)
4,England,Sefton,Summer Half Term Holidays,27 May 2019(Mon),31 May 2019(Fri)
5,England,Sefton,Summer Holidays,24 Jul 2019(Wed),3 Sep 2019(Tue)
0,England,Sheffield,Autumn Half Term Holidays,29 Oct 2018(Mon),2 Nov 2018(Fri)
1,England,Sheffield,Winter Holidays,24 Dec 2018(Mon),4 Jan 2019(Fri)
2,England,Sheffield,Spring Half Term Holidays,18 Feb 2019(Mon),22 Feb 2019(Fri)
3,England,Sheffield,Spring Holidays,1 Apr 2019(Mon),12 Apr 2019(Fri)
4,England,Sheffield,Easter Holidays,19 Apr 2019(Fri),22 Apr 2019(Mon)
5,England,Sheffield,Summer Half Term Holidays,27 May 2019(Mon),31 May 2019(Fri)
6,England,Sheffield,Summer Holidays,25 Jul 2019(Thu),30 Aug 2019(Fri)
0,England,Shropshire,Autumn Half Term Holidays,26 Oct 2018(Fri),2 Nov 2018(Fri)
1,England,Shropshire,Winter Holidays,24 Dec 2018(Mon),4 Jan 2019(Fri)
2,England,Shropshire,Spring Half Term Holidays,18 Feb 2019(Mon),22 Feb 2019(Fri)
3,England,Shropshire,Spring Holidays,15 Apr 2019(Mon),26 Apr 2019(Fri)
4,England,Shropshire,Summer Half Term Holidays,27 May 2019(Mon),31 May 2019(Fri)
5,England,Shropshire,Summer Holidays,22 Jul 2019(Mon),2 Sep 2019(Mon)
0,England,Slough,Autumn Half Term Holidays,22 Oct 2018(Mon),26 Oct 2018(Fri)
1,England,Slough,Winter Holidays,20 Dec 2018(Thu),2 Jan 2019(Wed)
2,England,Slough,Spring Half Term Holidays,18 Feb 2019(Mon),22 Feb 2019(Fri)
3,England,Slough,Spring Holidays,8 Apr 2019(Mon),22 Apr 2019(Mon)
4,England,Slough,Summer Half Term Holidays,27 May 2019(Mon),31 May 2019(Fri)
5,England,Slough,Summer Holidays,24 Jul 2019(Wed),3 Sep 2019(Tue)
0,England,Solihull,Autumn Half Term Holidays,29 Oct 2018(Mon),2 Nov 2018(Fri)
1,England,Solihull,Winter Holidays,24 Dec 2018(Mon),4 Jan 2019(Fri)
2,England,Solihull,Spring Half Term Holidays,18 Feb 2019(Mon),22 Feb 2019(Fri)
3,England,Solihull,Spring Holidays,15 Apr 2019(Mon),26 Apr 2019(Fri)
4,England,Solihull,Summer Half Term Holidays,27 May 2019(Mon),31 May 2019(Fri)
5,England,Solihull,Summer Holidays,23 Jul 2019(Tue),30 Aug 2019(Fri)
0,England,Somerset,Autumn Half Term Holidays,29 Oct 2018(Mon),2 Nov 2018(Fri)
1,England,Somerset,Winter Holidays,24 Dec 2018(Mon),4 Jan 2019(Fri)
2,England,Somerset,Spring Half Term Holidays,18 Feb 2019(Mon),22 Feb 2019(Fri)
3,England,Somerset,Spring Holidays,8 Apr 2019(Mon),22 Apr 2019(Mon)
4,England,Somerset,Summer Half Term Holidays,27 May 2019(Mon),31 May 2019(Fri)
5,England,Somerset,Summer Holidays,24 Jul 2019(Wed),30 Aug 2019(Fri)
0,England,Southampton,Autumn Half Term Holidays,22 Oct 2018(Mon),26 Oct 2018(Fri)
1,England,Southampton,Winter Holidays,24 Dec 2018(Mon),4 Jan 2019(Fri)
2,England,Southampton,Spring Half Term Holidays,18 Feb 2019(Mon),22 Feb 2019(Fri)
3,England,Southampton,Spring Holidays,8 Apr 2019(Mon),22 Apr 2019(Mon)
4,England,Southampton,Summer Half Term Holidays,27 May 2019(Mon),31 May 2019(Fri)
5,England,Southampton,Summer Holidays,24 Jul 2019(Wed),30 Aug 2019(Fri)
0,England,Southend-on-Sea,Autumn Half Term Holidays,22 Oct 2018(Mon),26 Oct 2018(Fri)
1,England,Southend-on-Sea,Winter Holidays,21 Dec 2018(Fri),2 Jan 2019(Wed)
2,England,Southend-on-Sea,Spring Half Term Holidays,18 Feb 2019(Mon),22 Feb 2019(Fri)
3,England,Southend-on-Sea,Spring Holidays,8 Apr 2019(Mon),22 Apr 2019(Mon)
4,England,Southend-on-Sea,Summer Half Term Holidays,27 May 2019(Mon),31 May 2019(Fri)
5,England,Southend-on-Sea,Summer Holidays,25 Jul 2019(Thu),2 Sep 2019(Mon)
0,England,South-Gloucestershire,Autumn Half Term Holidays,29 Oct 2018(Mon),2 Nov 2018(Fri)
1,England,South-Gloucestershire,Winter Holidays,24 Dec 2018(Mon),4 Jan 2019(Fri)
2,England,South-Gloucestershire,Spring Half Term Holidays,18 Feb 2019(Mon),22 Feb 2019(Fri)
3,England,South-Gloucestershire,Spring Holidays,8 Apr 2019(Mon),22 Apr 2019(Mon)
4,England,South-Gloucestershire,Summer Half Term Holidays,27 May 2019(Mon),31 May 2019(Fri)
5,England,South-Gloucestershire,Summer Holidays,24 Jul 2019(Wed),30 Aug 2019(Fri)
0,England,South-Tyneside,Autumn Half Term Holidays,22 Oct 2018(Mon),26 Oct 2018(Fri)
1,England,South-Tyneside,Winter Holidays,20 Dec 2018(Thu),4 Jan 2019(Fri)
2,England,South-Tyneside,Spring Half Term Holidays,18 Feb 2019(Mon),22 Feb 2019(Fri)
3,England,South-Tyneside,Spring Holidays,8 Apr 2019(Mon),22 Apr 2019(Mon)
4,England,South-Tyneside,Summer Half Term Holidays,27 May 2019(Mon),31 May 2019(Fri)
5,England,South-Tyneside,Summer Holidays,22 Jul 2019(Mon),
0,England,Southwark,Autumn Half Term Holidays,22 Oct 2018(Mon),26 Oct 2018(Fri)
1,England,Southwark,Winter Holidays,24 Dec 2018(Mon),4 Jan 2019(Fri)
2,England,Southwark,Spring Half Term Holidays,18 Feb 2019(Mon),22 Feb 2019(Fri)
3,England,Southwark,Spring Holidays,8 Apr 2019(Mon),22 Apr 2019(Mon)
4,England,Southwark,Summer Half Term Holidays,27 May 2019(Mon),31 May 2019(Fri)
5,England,Southwark,Summer Holidays,24 Jul 2019(Wed),30 Aug 2019(Fri)
0,England,Staffordshire,Autumn Half Term Holidays,29 Oct 2018(Mon),2 Nov 2018(Fri)
1,England,Staffordshire,Winter Holidays,24 Dec 2018(Mon),4 Jan 2019(Fri)
2,England,Staffordshire,Spring Half Term Holidays,18 Feb 2019(Mon),22 Feb 2019(Fri)
3,England,Staffordshire,Spring Holidays,15 Apr 2019(Mon),26 Apr 2019(Fri)
4,England,Staffordshire,Summer Half Term Holidays,27 May 2019(Mon),31 May 2019(Fri)
5,England,Staffordshire,Summer Holidays,23 Jul 2019(Tue),30 Aug 2019(Fri)
0,England,St-Helens,Autumn Half Term Holidays,22 Oct 2018(Mon),26 Oct 2018(Fri)
1,England,St-Helens,Winter Holidays,21 Dec 2018(Fri),4 Jan 2019(Fri)
2,England,St-Helens,Spring Half Term Holidays,18 Feb 2019(Mon),22 Feb 2019(Fri)
3,England,St-Helens,Spring Holidays,8 Apr 2019(Mon),22 Apr 2019(Mon)
4,England,St-Helens,Summer Half Term Holidays,27 May 2019(Mon),31 May 2019(Fri)
5,England,St-Helens,Summer Holidays,25 Jul 2019(Thu),30 Aug 2019(Fri)
0,England,Stockport,Autumn Half Term Holidays,22 Oct 2018(Mon),26 Oct 2018(Fri)
1,England,Stockport,Winter Holidays,20 Dec 2018(Thu),2 Jan 2019(Wed)
2,England,Stockport,Spring Half Term Holidays,18 Feb 2019(Mon),22 Feb 2019(Fri)
3,England,Stockport,Spring Holidays,8 Apr 2019(Mon),22 Apr 2019(Mon)
4,England,Stockport,Summer Half Term Holidays (Primary),27 May 2019(Mon),7 Jun 2019(Fri)
5,England,Stockport,Summer Half Term Holidays (Secondary),27 May 2019(Mon),31 May 2019(Fri)
6,England,Stockport,Summer Holidays (Secondary),24 Jul 2019(Wed),30 Aug 2019(Fri)
7,England,Stockport,Summer Holidays (Primary),31 Jul 2019(Wed),30 Aug 2019(Fri)
0,England,Stockton-on-Tees,Autumn Half Term Holidays,29 Oct 2018(Mon),2 Nov 2018(Fri)
1,England,Stockton-on-Tees,Winter Holidays,24 Dec 2018(Mon),4 Jan 2019(Fri)
2,England,Stockton-on-Tees,Spring Half Term Holidays,18 Feb 2019(Mon),22 Feb 2019(Fri)
3,England,Stockton-on-Tees,Spring Holidays,8 Apr 2019(Mon),22 Apr 2019(Mon)
4,England,Stockton-on-Tees,Summer Half Term Holidays,27 May 2019(Mon),31 May 2019(Fri)
5,England,Stockton-on-Tees,Summer Holidays,24 Jul 2019(Wed),30 Aug 2019(Fri)
0,England,Stoke-on-Trent,Autumn Half Term Holidays,29 Oct 2018(Mon),2 Nov 2018(Fri)
1,England,Stoke-on-Trent,Winter Holidays,24 Dec 2018(Mon),4 Jan 2019(Fri)
2,England,Stoke-on-Trent,Spring Half Term Holidays,18 Feb 2019(Mon),22 Feb 2019(Fri)
3,England,Stoke-on-Trent,Spring Holidays,15 Apr 2019(Mon),26 Apr 2019(Fri)
4,England,Stoke-on-Trent,Summer Half Term Holidays,27 May 2019(Mon),31 May 2019(Fri)
5,England,Stoke-on-Trent,Summer Holidays,23 Jul 2019(Tue),30 Aug 2019(Fri)
0,England,Suffolk,Autumn Half Term Holidays,22 Oct 2018(Mon),26 Oct 2018(Fri)
1,England,Suffolk,Winter Holidays,20 Dec 2018(Thu),1 Jan 2019(Tue)
2,England,Suffolk,Spring Half Term Holidays,18 Feb 2019(Mon),22 Feb 2019(Fri)
3,England,Suffolk,Spring Holidays,8 Apr 2019(Mon),22 Apr 2019(Mon)
4,England,Suffolk,Summer Half Term Holidays,27 May 2019(Mon),31 May 2019(Fri)
5,England,Suffolk,Summer Holidays,25 Jul 2019(Thu),30 Aug 2019(Fri)
0,England,Sunderland,Autumn Half Term Holidays,22 Oct 2018(Mon),26 Oct 2018(Fri)
1,England,Sunderland,Winter Holidays,24 Dec 2018(Mon),4 Jan 2019(Fri)
2,England,Sunderland,Spring Half Term Holidays,18 Feb 2019(Mon),22 Feb 2019(Fri)
3,England,Sunderland,Spring Holidays,8 Apr 2019(Mon),22 Apr 2019(Mon)
4,England,Sunderland,Summer Half Term Holidays,27 May 2019(Mon),31 May 2019(Fri)
5,England,Sunderland,Summer Holidays,22 Jul 2019(Mon),2 Sep 2019(Mon)
0,England,Surrey,Autumn Half Term Holidays,22 Oct 2018(Mon),26 Oct 2018(Fri)
1,England,Surrey,Winter Holidays,20 Dec 2018(Thu),2 Jan 2019(Wed)
2,England,Surrey,Spring Half Term Holidays,18 Feb 2019(Mon),22 Feb 2019(Fri)
3,England,Surrey,Spring Holidays,8 Apr 2019(Mon),22 Apr 2019(Mon)
4,England,Surrey,Summer Half Term Holidays,27 May 2019(Mon),31 May 2019(Fri)
5,England,Surrey,Summer Holidays,25 Jul 2019(Thu),3 Sep 2019(Tue)
0,England,Sutton,Autumn Half Term Holidays,22 Oct 2018(Mon),26 Oct 2018(Fri)
1,England,Sutton,Winter Holidays,24 Dec 2018(Mon),4 Jan 2019(Fri)
2,England,Sutton,Spring Half Term Holidays,18 Feb 2019(Mon),22 Feb 2019(Fri)
3,England,Sutton,Spring Holidays,8 Apr 2019(Mon),22 Apr 2019(Mon)
4,England,Sutton,Summer Half Term Holidays,27 May 2019(Mon),31 May 2019(Fri)
5,England,Sutton,Summer Holidays,24 Jul 2019(Wed),30 Aug 2019(Fri)
0,England,Swindon,Autumn Half Term Holidays,25 Oct 2018(Thu),2 Nov 2018(Fri)
1,England,Swindon,Winter Holidays,24 Dec 2018(Mon),4 Jan 2019(Fri)
2,England,Swindon,Spring Half Term Holidays,18 Feb 2019(Mon),22 Feb 2019(Fri)
3,England,Swindon,Spring Holidays,8 Apr 2019(Mon),22 Apr 2019(Mon)
4,England,Swindon,Summer Half Term Holidays,27 May 2019(Mon),31 May 2019(Fri)
5,England,Swindon,Summer Holidays,26 Jul 2019(Fri),30 Aug 2019(Fri)
0,England,Tameside,Autumn Half Term Holidays,29 Oct 2018(Mon),2 Nov 2018(Fri)
1,England,Tameside,Winter Holidays,24 Dec 2018(Mon),4 Jan 2019(Fri)
2,England,Tameside,Spring Half Term Holidays,18 Feb 2019(Mon),22 Feb 2019(Fri)
3,England,Tameside,Spring Holidays,8 Apr 2019(Mon),22 Apr 2019(Mon)
4,England,Tameside,Summer Half Term Holidays (Secondary),27 May 2019(Mon),31 May 2019(Fri)
5,England,Tameside,Summer Half Term Holidays (Primary),27 May 2019(Mon),7 Jun 2019(Fri)
6,England,Tameside,Summer Holidays (Secondary),22 Jul 2019(Mon),30 Aug 2019(Fri)
7,England,Tameside,Summer Holidays (Primary),29 Jul 2019(Mon),30 Aug 2019(Fri)
0,England,Telford-and-Wrekin,Autumn Half Term Holidays,29 Oct 2018(Mon),2 Nov 2018(Fri)
1,England,Telford-and-Wrekin,Winter Holidays,24 Dec 2018(Mon),4 Jan 2019(Fri)
2,England,Telford-and-Wrekin,Spring Half Term Holidays,18 Feb 2019(Mon),22 Feb 2019(Fri)
3,England,Telford-and-Wrekin,Spring Holidays,15 Apr 2019(Mon),26 Apr 2019(Fri)
4,England,Telford-and-Wrekin,Summer Half Term Holidays,27 May 2019(Mon),31 May 2019(Fri)
5,England,Telford-and-Wrekin,Summer Holidays,22 Jul 2019(Mon),2 Sep 2019(Mon)
0,England,Thurrock,Autumn Half Term Holidays,22 Oct 2018(Mon),26 Oct 2018(Fri)
1,England,Thurrock,Winter Holidays,20 Dec 2018(Thu),2 Jan 2019(Wed)
2,England,Thurrock,Spring Half Term Holidays,18 Feb 2019(Mon),22 Feb 2019(Fri)
3,England,Thurrock,Spring Holidays,8 Apr 2019(Mon),22 Apr 2019(Mon)
4,England,Thurrock,Summer Half Term Holidays,27 May 2019(Mon),31 May 2019(Fri)
5,England,Thurrock,Summer Holidays,25 Jul 2019(Thu),2 Sep 2019(Mon)
0,England,Torbay,Autumn Half Term Holidays,22 Oct 2018(Mon),26 Oct 2018(Fri)
1,England,Torbay,Winter Holidays,24 Dec 2018(Mon),4 Jan 2019(Fri)
2,England,Torbay,Spring Half Term Holidays,18 Feb 2019(Mon),22 Feb 2019(Fri)
3,England,Torbay,Spring Holidays,8 Apr 2019(Mon),22 Apr 2019(Mon)
4,England,Torbay,Summer Half Term Holidays,27 May 2019(Mon),31 May 2019(Fri)
5,England,Torbay,Summer Holidays,24 Jul 2019(Wed),30 Aug 2019(Fri)
0,England,Tower-Hamlets,Autumn Half Term Holidays,22 Oct 2018(Mon),26 Oct 2018(Fri)
1,England,Tower-Hamlets,Winter Holidays,24 Dec 2018(Mon),4 Jan 2019(Fri)
2,England,Tower-Hamlets,Spring Half Term Holidays,18 Feb 2019(Mon),22 Feb 2019(Fri)
3,England,Tower-Hamlets,Spring Holidays,8 Apr 2019(Mon),22 Apr 2019(Mon)
4,England,Tower-Hamlets,Summer Half Term Holidays,27 May 2019(Mon),31 May 2019(Fri)
5,England,Tower-Hamlets,Summer Holidays,25 Jul 2019(Thu),30 Aug 2019(Fri)
0,England,Trafford,Autumn Half Term Holidays,22 Oct 2018(Mon),26 Oct 2018(Fri)
1,England,Trafford,Winter Holidays,24 Dec 2018(Mon),2 Jan 2019(Wed)
2,England,Trafford,Spring Half Term Holidays,11 Feb 2019(Mon),15 Feb 2019(Fri)
3,England,Trafford,Spring Holidays,1 Apr 2019(Mon),12 Apr 2019(Fri)
4,England,Trafford,Easter Holidays,19 Apr 2019(Fri),22 Apr 2019(Mon)
5,England,Trafford,Summer Half Term Holidays,24 May 2019(Fri),31 May 2019(Fri)
6,England,Trafford,Summer Holidays,24 Jul 2019(Wed),30 Aug 2019(Fri)
0,England,Wakefield,Autumn Half Term Holidays,29 Oct 2018(Mon),2 Nov 2018(Fri)
1,England,Wakefield,Winter Holidays,24 Dec 2018(Mon),4 Jan 2019(Fri)
2,England,Wakefield,Spring Half Term Holidays,18 Feb 2019(Mon),22 Feb 2019(Fri)
3,England,Wakefield,Spring Holidays,8 Apr 2019(Mon),22 Apr 2019(Mon)
4,England,Wakefield,Summer Half Term Holidays,27 May 2019(Mon),31 May 2019(Fri)
5,England,Wakefield,Summer Holidays,24 Jul 2019(Wed),30 Aug 2019(Fri)
0,England,Walsall,Autumn Half Term Holidays,29 Oct 2018(Mon),2 Nov 2018(Fri)
1,England,Walsall,Winter Holidays,24 Dec 2018(Mon),4 Jan 2019(Fri)
2,England,Walsall,Spring Half Term Holidays,18 Feb 2019(Mon),22 Feb 2019(Fri)
3,England,Walsall,Spring Holidays,15 Apr 2019(Mon),26 Apr 2019(Fri)
4,England,Walsall,Summer Half Term Holidays,27 May 2019(Mon),31 May 2019(Fri)
5,England,Walsall,Summer Holidays,23 Jul 2019(Tue),
0,England,Waltham-Forest,Autumn Half Term Holidays,22 Oct 2018(Mon),26 Oct 2018(Fri)
1,England,Waltham-Forest,Winter Holidays,24 Dec 2018(Mon),4 Jan 2019(Fri)
2,England,Waltham-Forest,Spring Half Term Holidays,18 Feb 2019(Mon),22 Feb 2019(Fri)
3,England,Waltham-Forest,Spring Holidays,8 Apr 2019(Mon),22 Apr 2019(Mon)
4,England,Waltham-Forest,Summer Half Term Holidays,27 May 2019(Mon),31 May 2019(Fri)
5,England,Waltham-Forest,Summer Holidays,24 Jul 2019(Wed),30 Aug 2019(Fri)
0,England,Wandsworth,Autumn Half Term Holidays,22 Oct 2018(Mon),26 Oct 2018(Fri)
1,England,Wandsworth,Winter Holidays,24 Dec 2018(Mon),4 Jan 2019(Fri)
2,England,Wandsworth,Spring Half Term Holidays,18 Feb 2019(Mon),22 Feb 2019(Fri)
3,England,Wandsworth,Spring Holidays,8 Apr 2019(Mon),22 Apr 2019(Mon)
4,England,Wandsworth,Summer Half Term Holidays,27 May 2019(Mon),31 May 2019(Fri)
5,England,Wandsworth,Summer Holidays,24 Jul 2019(Wed),30 Aug 2019(Fri)
0,England,Warrington,Autumn Half Term Holidays,22 Oct 2018(Mon),26 Oct 2018(Fri)
1,England,Warrington,Winter Holidays,24 Dec 2018(Mon),2 Jan 2019(Wed)
2,England,Warrington,Spring Half Term Holidays,18 Feb 2019(Mon),22 Feb 2019(Fri)
3,England,Warrington,Spring Holidays,8 Apr 2019(Mon),22 Apr 2019(Mon)
4,England,Warrington,Summer Half Term Holidays,27 May 2019(Mon),31 May 2019(Fri)
5,England,Warrington,Summer Holidays,22 Jul 2019(Mon),3 Sep 2019(Tue)
0,England,Warwickshire,Autumn Half Term Holidays,29 Oct 2018(Mon),2 Nov 2018(Fri)
1,England,Warwickshire,Winter Holidays,24 Dec 2018(Mon),7 Jan 2019(Mon)
2,England,Warwickshire,Spring Half Term Holidays,18 Feb 2019(Mon),22 Feb 2019(Fri)
3,England,Warwickshire,Spring Holidays,15 Apr 2019(Mon),26 Apr 2019(Fri)
4,England,Warwickshire,Summer Half Term Holidays,27 May 2019(Mon),31 May 2019(Fri)
5,England,Warwickshire,Summer Holidays,22 Jul 2019(Mon),2 Sep 2019(Mon)
0,England,West-Berkshire,Autumn Half Term Holidays,22 Oct 2018(Mon),29 Oct 2018(Mon)
1,England,West-Berkshire,Winter Holidays,21 Dec 2018(Fri),4 Jan 2019(Fri)
2,England,West-Berkshire,Spring Half Term Holidays,18 Feb 2019(Mon),22 Feb 2019(Fri)
3,England,West-Berkshire,Spring Holidays,8 Apr 2019(Mon),23 Apr 2019(Tue)
4,England,West-Berkshire,Summer Half Term Holidays,24 May 2019(Fri),31 May 2019(Fri)
5,England,West-Berkshire,Summer Holidays,25 Jul 2019(Thu),3 Sep 2019(Tue)
0,England,Westminster,Autumn Half Term Holidays,22 Oct 2018(Mon),26 Oct 2018(Fri)
1,England,Westminster,Winter Holidays,24 Dec 2018(Mon),4 Jan 2019(Fri)
2,England,Westminster,Spring Half Term Holidays,18 Feb 2019(Mon),22 Feb 2019(Fri)
3,England,Westminster,Spring Holidays,8 Apr 2019(Mon),22 Apr 2019(Mon)
4,England,Westminster,Summer Half Term Holidays,27 May 2019(Mon),31 May 2019(Fri)
5,England,Westminster,Summer Holidays,24 Jul 2019(Wed),30 Aug 2019(Fri)
0,England,West-Sussex,Autumn Half Term Holidays,22 Oct 2018(Mon),26 Oct 2018(Fri)
1,England,West-Sussex,Winter Holidays,20 Dec 2018(Thu),2 Jan 2019(Wed)
2,England,West-Sussex,Spring Half Term Holidays,18 Feb 2019(Mon),22 Feb 2019(Fri)
3,England,West-Sussex,Spring Holidays,8 Apr 2019(Mon),22 Apr 2019(Mon)
4,England,West-Sussex,Summer Half Term Holidays,27 May 2019(Mon),31 May 2019(Fri)
5,England,West-Sussex,Summer Holidays,24 Jul 2019(Wed),30 Aug 2019(Fri)
0,England,Wigan,Autumn Half Term Holidays,22 Oct 2018(Mon),26 Oct 2018(Fri)
1,England,Wigan,Winter Holidays,24 Dec 2018(Mon),7 Jan 2019(Mon)
2,England,Wigan,Spring Half Term Holidays,18 Feb 2019(Mon),22 Feb 2019(Fri)
3,England,Wigan,Spring Holidays,8 Apr 2019(Mon),22 Apr 2019(Mon)
4,England,Wigan,Summer Half Term Holidays,27 May 2019(Mon),31 May 2019(Fri)
5,England,Wigan,Summer Holidays,22 Jul 2019(Mon),2 Sep 2019(Mon)
0,England,Wiltshire,Autumn Half Term Holidays,25 Oct 2018(Thu),2 Nov 2018(Fri)
1,England,Wiltshire,Winter Holidays,24 Dec 2018(Mon),4 Jan 2019(Fri)
2,England,Wiltshire,Spring Half Term Holidays,18 Feb 2019(Mon),22 Feb 2019(Fri)
3,England,Wiltshire,Spring Holidays,8 Apr 2019(Mon),22 Apr 2019(Mon)
4,England,Wiltshire,Summer Half Term Holidays,27 May 2019(Mon),31 May 2019(Fri)
5,England,Wiltshire,Summer Holidays,26 Jul 2019(Fri),30 Aug 2019(Fri)
0,England,Windsor-and-Maidenhead,Autumn Half Term Holidays,22 Oct 2018(Mon),26 Oct 2018(Fri)
1,England,Windsor-and-Maidenhead,Winter Holidays,20 Dec 2018(Thu),2 Jan 2019(Wed)
2,England,Windsor-and-Maidenhead,Spring Half Term Holidays,18 Feb 2019(Mon),22 Feb 2019(Fri)
3,England,Windsor-and-Maidenhead,Spring Holidays,8 Apr 2019(Mon),22 Apr 2019(Mon)
4,England,Windsor-and-Maidenhead,Summer Half Term Holidays,27 May 2019(Mon),31 May 2019(Fri)
5,England,Windsor-and-Maidenhead,Summer Holidays,24 Jul 2019(Wed),4 Sep 2019(Wed)
0,England,Wirral,Autumn Half Term Holidays,22 Oct 2018(Mon),26 Oct 2018(Fri)
1,England,Wirral,Winter Holidays,24 Dec 2018(Mon),4 Jan 2019(Fri)
2,England,Wirral,Spring Half Term Holidays,18 Feb 2019(Mon),22 Feb 2019(Fri)
3,England,Wirral,Spring Holidays,1 Apr 2019(Mon),12 Apr 2019(Fri)
4,England,Wirral,Easter Holidays,19 Apr 2019(Fri),22 Apr 2019(Mon)
5,England,Wirral,Summer Half Term Holidays,27 May 2019(Mon),31 May 2019(Fri)
6,England,Wirral,Summer Holidays,25 Jul 2019(Thu),30 Aug 2019(Fri)
0,England,Wokingham,Autumn Half Term Holidays,22 Oct 2018(Mon),26 Oct 2018(Fri)
1,England,Wokingham,Winter Holidays,20 Dec 2018(Thu),2 Jan 2019(Wed)
2,England,Wokingham,Spring Half Term Holidays,18 Feb 2019(Mon),22 Feb 2019(Fri)
3,England,Wokingham,Spring Holidays,8 Apr 2019(Mon),22 Apr 2019(Mon)
4,England,Wokingham,Summer Half Term Holidays,27 May 2019(Mon),31 May 2019(Fri)
5,England,Wokingham,Summer Holidays,24 Jul 2019(Wed),2 Sep 2019(Mon)
0,England,Wolverhampton,Autumn Half Term Holidays,29 Oct 2018(Mon),2 Nov 2018(Fri)
1,England,Wolverhampton,Winter Holidays,24 Dec 2018(Mon),4 Jan 2019(Fri)
2,England,Wolverhampton,Spring Half Term Holidays,18 Feb 2019(Mon),22 Feb 2019(Fri)
3,England,Wolverhampton,Spring Holidays,15 Apr 2019(Mon),26 Apr 2019(Fri)
4,England,Wolverhampton,Summer Half Term Holidays,27 May 2019(Mon),31 May 2019(Fri)
5,England,Wolverhampton,Summer Holidays,23 Jul 2019(Tue),30 Aug 2019(Fri)
0,England,Worcestershire,Autumn Half Term Holidays,29 Oct 2018(Mon),2 Nov 2018(Fri)
1,England,Worcestershire,Winter Holidays,24 Dec 2018(Mon),4 Jan 2019(Fri)
2,England,Worcestershire,Spring Half Term Holidays,18 Feb 2019(Mon),22 Feb 2019(Fri)
3,England,Worcestershire,Spring Holidays,15 Apr 2019(Mon),26 Apr 2019(Fri)
4,England,Worcestershire,Summer Half Term Holidays,27 May 2019(Mon),31 May 2019(Fri)
5,England,Worcestershire,Summer Holidays,23 Jul 2019(Tue),30 Aug 2019(Fri)
0,England,York,Autumn Half Term Holidays,29 Oct 2018(Mon),2 Nov 2018(Fri)
1,England,York,Winter Holidays,24 Dec 2018(Mon),4 Jan 2019(Fri)
2,England,York,Spring Half Term Holidays,25 Feb 2019(Mon),1 Mar 2019(Fri)
3,England,York,Spring Holidays,15 Apr 2019(Mon),26 Apr 2019(Fri)
4,England,York,Summer Half Term Holidays,27 May 2019(Mon),31 May 2019(Fri)
5,England,York,Summer Holidays,23 Jul 2019(Tue),30 Aug 2019(Fri)
